Background of Architect,Structure Type,Required Construction Materials,Characterization of Blueprints,Is Completed Structure Impossible?,Cost of Structure
Apprenticed under M. Bosch,Tower,Silver and Nightmares,Deceptively Ordinary,No,83038
Apprenticed under R. Penrose,Gateway,Wood and Glass,Deceptively Ordinary,No,33851
Apprenticed under P. Stamatin,Uncategorizable Thing,Glass and Steel,Obsessively Detailed,Yes,44253
Apprenticed under P. Stamatin,Uncategorizable Thing,Wood and Silver,Hastily Sketched,Yes,60558
Apprenticed under P. Stamatin,Uncategorizable Thing,Steel and Nightmares,Obsessively Detailed,Yes,8120
Apprenticed under R. Penrose,Maze,Wood and Nightmares,Deceptively Ordinary,No,657
Apprenticed under R. Penrose,Library,Glass and Steel,Deceptively Ordinary,No,26231
Apprenticed under M. Bosch,Mechanism,Silver and Wood,Deceptively Ordinary,No,68013
Apprenticed under M. Escher,Tower,Glass and Dreams,Deceptively Ordinary,Yes,858227
Apprenticed under P. Stamatin,Tower,Steel and Dreams,Deceptively Ordinary,Yes,639547
Self-Taught,Uncategorizable Thing,Steel and Silver,Deceptively Ordinary,Yes,69116
Apprenticed under M. Bosch,Tower,Silver and Nightmares,Hastily Sketched,No,95541
Apprenticed under T. Geisel,Library,Steel and Silver,Deceptively Ordinary,No,73242
Apprenticed under M. Escher,Gateway,Steel and Dreams,Hastily Sketched,Yes,840127
Apprenticed under P. Stamatin,Mechanism,Silver and Wood,Obsessively Detailed,Yes,61375
Apprenticed under P. Stamatin,Tower,Steel and Wood,Hastily Sketched,Yes,4387
Self-Taught,Tower,Glass and Wood,Deceptively Ordinary,Yes,37834
Self-Taught,Maze,Silver and Nightmares,Obsessively Detailed,No,76086
Self-Taught,Uncategorizable Thing,Steel and Dreams,Deceptively Ordinary,No,874945
Apprenticed under M. Bosch,Maze,Silver and Wood,Hastily Sketched,No,59802
Apprenticed under M. Bosch,Mechanism,Wood and Steel,Deceptively Ordinary,No,10425
Apprenticed under R. Penrose,Mechanism,Wood and Silver,Deceptively Ordinary,No,99639
Self-Taught,Uncategorizable Thing,Steel and Nightmares,Obsessively Detailed,No,8978
Apprenticed under P. Stamatin,Maze,Glass and Wood,Hastily Sketched,Yes,25337
Self-Taught,Mechanism,Steel and Glass,Deceptively Ordinary,Yes,40600
Apprenticed under T. Geisel,Mechanism,Silver and Glass,Obsessively Detailed,No,117081
Apprenticed under M. Escher,Mechanism,Steel and Nightmares,Deceptively Ordinary,Yes,2600
Self-Taught,Gateway,Glass and Silver,Obsessively Detailed,No,80181
Self-Taught,Tower,Silver and Glass,Hastily Sketched,No,122537
Apprenticed under R. Penrose,Gateway,Steel and Wood,Obsessively Detailed,No,9842
Apprenticed under M. Escher,Maze,Silver and Steel,Obsessively Detailed,Yes,73414
Apprenticed under M. Bosch,Uncategorizable Thing,Glass and Wood,Obsessively Detailed,No,21245
Apprenticed under R. Penrose,Uncategorizable Thing,Steel and Dreams,Obsessively Detailed,No,970957
Self-Taught,Maze,Silver and Nightmares,Deceptively Ordinary,No,67510
Apprenticed under P. Stamatin,Gateway,Silver and Nightmares,Deceptively Ordinary,Yes,83087
Apprenticed under R. Penrose,Uncategorizable Thing,Glass and Steel,Deceptively Ordinary,No,35857
Apprenticed under R. Penrose,Uncategorizable Thing,Silver and Glass,Hastily Sketched,No,100669
Apprenticed under R. Penrose,Uncategorizable Thing,Silver and Dreams,Deceptively Ordinary,No,430770
Apprenticed under T. Geisel,Mechanism,Wood and Dreams,Obsessively Detailed,No,622844
Apprenticed under R. Penrose,Uncategorizable Thing,Steel and Nightmares,Obsessively Detailed,No,3533
Self-Taught,Uncategorizable Thing,Wood and Dreams,Deceptively Ordinary,No,538606
Apprenticed under R. Penrose,Maze,Silver and Steel,Obsessively Detailed,No,74397
Apprenticed under R. Penrose,Uncategorizable Thing,Glass and Steel,Deceptively Ordinary,No,34713
Apprenticed under R. Penrose,Uncategorizable Thing,Glass and Wood,Hastily Sketched,No,34997
Self-Taught,Library,Silver and Wood,Hastily Sketched,No,96301
Self-Taught,Gateway,Wood and Dreams,Deceptively Ordinary,Yes,280671
Self-Taught,Gateway,Silver and Wood,Deceptively Ordinary,No,55795
Apprenticed under M. Escher,Mechanism,Silver and Wood,Hastily Sketched,Yes,88021
Apprenticed under M. Bosch,Library,Glass and Silver,Obsessively Detailed,No,101761
Self-Taught,Library,Wood and Glass,Hastily Sketched,Yes,22809
Self-Taught,Tower,Steel and Wood,Obsessively Detailed,No,10187
Self-Taught,Tower,Wood and Steel,Deceptively Ordinary,No,5836
Apprenticed under M. Escher,Maze,Silver and Nightmares,Obsessively Detailed,Yes,62591
Self-Taught,Gateway,Silver and Steel,Obsessively Detailed,No,92788
Apprenticed under P. Stamatin,Uncategorizable Thing,Wood and Steel,Hastily Sketched,Yes,10688
Apprenticed under M. Escher,Library,Wood and Nightmares,Deceptively Ordinary,Yes,629
Apprenticed under M. Bosch,Library,Glass and Steel,Hastily Sketched,No,41986
Self-Taught,Gateway,Silver and Wood,Hastily Sketched,Yes,86878
Apprenticed under T. Geisel,Maze,Silver and Wood,Obsessively Detailed,No,89163
Apprenticed under R. Penrose,Mechanism,Glass and Steel,Obsessively Detailed,No,35325
Self-Taught,Mechanism,Steel and Silver,Obsessively Detailed,Yes,86443
Apprenticed under M. Escher,Tower,Silver and Dreams,Deceptively Ordinary,Yes,407690
Apprenticed under M. Escher,Maze,Glass and Steel,Hastily Sketched,Yes,44717
Self-Taught,Mechanism,Wood and Glass,Hastily Sketched,Yes,29642
Self-Taught,Uncategorizable Thing,Silver and Dreams,Deceptively Ordinary,Yes,1012785
Apprenticed under M. Bosch,Tower,Wood and Glass,Deceptively Ordinary,No,28586
Apprenticed under P. Stamatin,Maze,Silver and Steel,Hastily Sketched,Yes,72245
Apprenticed under P. Stamatin,Maze,Wood and Dreams,Deceptively Ordinary,Yes,361738
Self-Taught,Uncategorizable Thing,Silver and Dreams,Deceptively Ordinary,No,922012
Apprenticed under M. Escher,Maze,Steel and Nightmares,Deceptively Ordinary,Yes,4208
Apprenticed under P. Stamatin,Tower,Glass and Wood,Deceptively Ordinary,Yes,40313
Apprenticed under P. Stamatin,Maze,Steel and Glass,Hastily Sketched,Yes,29953
Self-Taught,Maze,Glass and Nightmares,Deceptively Ordinary,Yes,25769
Apprenticed under R. Penrose,Tower,Wood and Silver,Deceptively Ordinary,No,85257
Apprenticed under R. Penrose,Uncategorizable Thing,Steel and Wood,Deceptively Ordinary,No,7324
Apprenticed under P. Stamatin,Uncategorizable Thing,Glass and Dreams,Obsessively Detailed,Yes,853246
Apprenticed under T. Geisel,Mechanism,Steel and Wood,Hastily Sketched,No,8655
Self-Taught,Tower,Steel and Dreams,Deceptively Ordinary,No,869312
Apprenticed under M. Escher,Maze,Wood and Silver,Hastily Sketched,Yes,71956
Apprenticed under T. Geisel,Mechanism,Silver and Glass,Deceptively Ordinary,No,108935
Apprenticed under R. Penrose,Library,Steel and Wood,Deceptively Ordinary,No,10491
Apprenticed under M. Bosch,Tower,Steel and Glass,Deceptively Ordinary,No,33628
Apprenticed under M. Escher,Uncategorizable Thing,Steel and Nightmares,Hastily Sketched,Yes,4800
Self-Taught,Maze,Wood and Steel,Deceptively Ordinary,No,3780
Apprenticed under M. Bosch,Gateway,Silver and Dreams,Obsessively Detailed,No,787894
Apprenticed under P. Stamatin,Uncategorizable Thing,Silver and Wood,Deceptively Ordinary,Yes,55161
Self-Taught,Uncategorizable Thing,Glass and Nightmares,Obsessively Detailed,Yes,27270
Self-Taught,Gateway,Wood and Glass,Deceptively Ordinary,No,36587
Self-Taught,Maze,Silver and Dreams,Deceptively Ordinary,No,305603
Apprenticed under R. Penrose,Gateway,Silver and Glass,Obsessively Detailed,No,110806
Apprenticed under T. Geisel,Mechanism,Glass and Wood,Obsessively Detailed,No,26951
Apprenticed under P. Stamatin,Tower,Steel and Nightmares,Hastily Sketched,Yes,7492
Self-Taught,Gateway,Wood and Dreams,Obsessively Detailed,No,945048
Apprenticed under M. Bosch,Maze,Glass and Dreams,Deceptively Ordinary,No,464069
Self-Taught,Uncategorizable Thing,Steel and Nightmares,Obsessively Detailed,No,2759
Apprenticed under M. Escher,Library,Steel and Wood,Hastily Sketched,Yes,4429
Apprenticed under M. Escher,Uncategorizable Thing,Glass and Steel,Deceptively Ordinary,Yes,32309
Apprenticed under R. Penrose,Mechanism,Wood and Nightmares,Hastily Sketched,No,563
Apprenticed under M. Escher,Uncategorizable Thing,Glass and Nightmares,Hastily Sketched,Yes,26386
Self-Taught,Library,Wood and Steel,Obsessively Detailed,Yes,9969
Apprenticed under P. Stamatin,Mechanism,Glass and Steel,Deceptively Ordinary,Yes,37145
Self-Taught,Uncategorizable Thing,Steel and Glass,Obsessively Detailed,Yes,41050
Apprenticed under P. Stamatin,Mechanism,Silver and Wood,Obsessively Detailed,Yes,52863
Apprenticed under R. Penrose,Gateway,Wood and Silver,Hastily Sketched,No,70857
Apprenticed under T. Geisel,Tower,Glass and Silver,Obsessively Detailed,No,120972
Self-Taught,Gateway,Steel and Wood,Deceptively Ordinary,Yes,10064
Apprenticed under M. Escher,Library,Silver and Wood,Obsessively Detailed,Yes,92156
Apprenticed under T. Geisel,Maze,Silver and Wood,Deceptively Ordinary,No,93159
Apprenticed under R. Penrose,Maze,Steel and Wood,Deceptively Ordinary,No,4140
Apprenticed under M. Bosch,Uncategorizable Thing,Wood and Dreams,Obsessively Detailed,No,669591
Self-Taught,Gateway,Wood and Nightmares,Hastily Sketched,Yes,953
Self-Taught,Mechanism,Glass and Steel,Obsessively Detailed,No,34469
Self-Taught,Gateway,Wood and Silver,Deceptively Ordinary,No,75127
Self-Taught,Tower,Steel and Dreams,Obsessively Detailed,Yes,523420
Apprenticed under R. Penrose,Uncategorizable Thing,Steel and Dreams,Obsessively Detailed,No,688289
Apprenticed under R. Penrose,Uncategorizable Thing,Steel and Silver,Obsessively Detailed,No,65705
Apprenticed under P. Stamatin,Maze,Glass and Silver,Deceptively Ordinary,Yes,120182
Self-Taught,Library,Glass and Steel,Deceptively Ordinary,No,39597
Apprenticed under T. Geisel,Mechanism,Silver and Glass,Obsessively Detailed,No,130158
Apprenticed under M. Bosch,Tower,Wood and Dreams,Obsessively Detailed,No,478828
Self-Taught,Tower,Silver and Steel,Deceptively Ordinary,Yes,68753
Self-Taught,Uncategorizable Thing,Steel and Dreams,Hastily Sketched,No,261189
Apprenticed under M. Bosch,Uncategorizable Thing,Wood and Glass,Hastily Sketched,No,26585
Apprenticed under M. Escher,Mechanism,Steel and Silver,Obsessively Detailed,Yes,61544
Apprenticed under R. Penrose,Mechanism,Glass and Dreams,Deceptively Ordinary,No,401962
Self-Taught,Maze,Wood and Silver,Obsessively Detailed,No,76346
Apprenticed under M. Escher,Library,Wood and Silver,Deceptively Ordinary,Yes,79169
Apprenticed under P. Stamatin,Uncategorizable Thing,Steel and Silver,Deceptively Ordinary,Yes,77298
Self-Taught,Tower,Silver and Steel,Deceptively Ordinary,No,85478
Self-Taught,Mechanism,Silver and Wood,Deceptively Ordinary,No,72163
Apprenticed under M. Bosch,Gateway,Steel and Wood,Hastily Sketched,No,6245
Apprenticed under M. Escher,Mechanism,Wood and Steel,Obsessively Detailed,Yes,10637
Self-Taught,Maze,Glass and Silver,Obsessively Detailed,No,94800
Apprenticed under R. Penrose,Mechanism,Silver and Dreams,Deceptively Ordinary,No,491401
Self-Taught,Tower,Silver and Steel,Obsessively Detailed,No,101567
Apprenticed under T. Geisel,Uncategorizable Thing,Wood and Nightmares,Deceptively Ordinary,No,964
Apprenticed under M. Bosch,Uncategorizable Thing,Steel and Dreams,Obsessively Detailed,No,465291
Self-Taught,Mechanism,Steel and Dreams,Obsessively Detailed,No,635582
Apprenticed under R. Penrose,Maze,Glass and Silver,Hastily Sketched,No,103450
Apprenticed under M. Escher,Mechanism,Wood and Silver,Hastily Sketched,Yes,97708
Apprenticed under P. Stamatin,Tower,Wood and Nightmares,Deceptively Ordinary,Yes,816
Apprenticed under T. Geisel,Library,Wood and Nightmares,Obsessively Detailed,No,790
Self-Taught,Tower,Glass and Steel,Obsessively Detailed,Yes,36102
Apprenticed under M. Escher,Library,Glass and Wood,Hastily Sketched,Yes,33968
Apprenticed under T. Geisel,Mechanism,Wood and Steel,Deceptively Ordinary,No,7277
Apprenticed under M. Bosch,Gateway,Glass and Dreams,Hastily Sketched,No,996223
Apprenticed under R. Penrose,Uncategorizable Thing,Wood and Steel,Deceptively Ordinary,No,6424
Self-Taught,Maze,Wood and Silver,Deceptively Ordinary,Yes,87879
Self-Taught,Gateway,Silver and Glass,Deceptively Ordinary,No,115048
Apprenticed under M. Bosch,Uncategorizable Thing,Steel and Dreams,Deceptively Ordinary,No,274372
Self-Taught,Uncategorizable Thing,Glass and Nightmares,Deceptively Ordinary,No,28580
Apprenticed under T. Geisel,Maze,Steel and Wood,Hastily Sketched,No,10479
Self-Taught,Library,Wood and Glass,Deceptively Ordinary,No,25363
Self-Taught,Uncategorizable Thing,Wood and Silver,Deceptively Ordinary,No,81282
Self-Taught,Mechanism,Glass and Wood,Obsessively Detailed,No,33929
Self-Taught,Uncategorizable Thing,Glass and Nightmares,Hastily Sketched,No,21677
Apprenticed under P. Stamatin,Uncategorizable Thing,Glass and Dreams,Deceptively Ordinary,Yes,742470
Apprenticed under T. Geisel,Library,Silver and Dreams,Deceptively Ordinary,No,1077378
Apprenticed under M. Escher,Maze,Wood and Dreams,Deceptively Ordinary,Yes,450059
Apprenticed under R. Penrose,Maze,Wood and Nightmares,Deceptively Ordinary,No,816
Apprenticed under M. Escher,Maze,Steel and Dreams,Deceptively Ordinary,Yes,438538
Apprenticed under T. Geisel,Gateway,Glass and Dreams,Hastily Sketched,No,960789
Self-Taught,Maze,Silver and Glass,Obsessively Detailed,Yes,97413
Apprenticed under M. Bosch,Mechanism,Silver and Steel,Obsessively Detailed,No,81890
Apprenticed under P. Stamatin,Library,Steel and Wood,Deceptively Ordinary,Yes,6059
Apprenticed under M. Bosch,Tower,Wood and Steel,Hastily Sketched,No,10279
Self-Taught,Maze,Silver and Wood,Obsessively Detailed,No,92084
Apprenticed under M. Escher,Maze,Glass and Wood,Obsessively Detailed,Yes,40285
Apprenticed under P. Stamatin,Library,Steel and Wood,Hastily Sketched,Yes,9554
Apprenticed under T. Geisel,Library,Silver and Steel,Obsessively Detailed,No,88001
Apprenticed under M. Escher,Maze,Steel and Dreams,Obsessively Detailed,Yes,335208
Apprenticed under M. Escher,Uncategorizable Thing,Glass and Silver,Obsessively Detailed,Yes,123930
Apprenticed under M. Escher,Mechanism,Silver and Glass,Deceptively Ordinary,Yes,124996
Apprenticed under M. Bosch,Library,Wood and Steel,Hastily Sketched,No,6785
Self-Taught,Gateway,Steel and Silver,Deceptively Ordinary,No,56479
Apprenticed under M. Bosch,Mechanism,Wood and Nightmares,Hastily Sketched,No,762
Apprenticed under P. Stamatin,Library,Glass and Nightmares,Hastily Sketched,Yes,24615
Apprenticed under T. Geisel,Uncategorizable Thing,Glass and Silver,Hastily Sketched,No,103084
Apprenticed under M. Escher,Tower,Steel and Dreams,Obsessively Detailed,Yes,992924
Apprenticed under R. Penrose,Tower,Glass and Dreams,Hastily Sketched,No,609062
Apprenticed under R. Penrose,Gateway,Wood and Steel,Obsessively Detailed,No,6056
Apprenticed under M. Bosch,Maze,Wood and Nightmares,Deceptively Ordinary,No,675
Apprenticed under T. Geisel,Tower,Wood and Silver,Obsessively Detailed,No,90659
Apprenticed under P. Stamatin,Tower,Glass and Silver,Deceptively Ordinary,Yes,105975
Apprenticed under T. Geisel,Uncategorizable Thing,Silver and Steel,Obsessively Detailed,No,89975
Apprenticed under T. Geisel,Uncategorizable Thing,Steel and Dreams,Deceptively Ordinary,No,510315
Self-Taught,Uncategorizable Thing,Steel and Glass,Deceptively Ordinary,Yes,25905
Self-Taught,Library,Wood and Dreams,Deceptively Ordinary,No,914339
Apprenticed under T. Geisel,Maze,Glass and Nightmares,Obsessively Detailed,No,38645
Self-Taught,Gateway,Glass and Steel,Deceptively Ordinary,No,31546
Self-Taught,Mechanism,Wood and Dreams,Hastily Sketched,Yes,855983
Self-Taught,Uncategorizable Thing,Glass and Dreams,Obsessively Detailed,No,821859
Self-Taught,Maze,Steel and Silver,Obsessively Detailed,Yes,99478
Apprenticed under M. Bosch,Uncategorizable Thing,Wood and Dreams,Hastily Sketched,No,638943
Apprenticed under T. Geisel,Library,Steel and Glass,Deceptively Ordinary,No,29177
Apprenticed under M. Escher,Maze,Steel and Nightmares,Obsessively Detailed,Yes,2836
Self-Taught,Gateway,Wood and Nightmares,Deceptively Ordinary,No,890
Apprenticed under P. Stamatin,Uncategorizable Thing,Wood and Dreams,Deceptively Ordinary,Yes,503448
Apprenticed under R. Penrose,Maze,Silver and Wood,Obsessively Detailed,No,50612
Apprenticed under M. Bosch,Gateway,Glass and Silver,Obsessively Detailed,No,114226
Apprenticed under M. Bosch,Maze,Steel and Dreams,Deceptively Ordinary,No,489726
Apprenticed under R. Penrose,Tower,Wood and Nightmares,Obsessively Detailed,No,616
Self-Taught,Maze,Silver and Wood,Obsessively Detailed,Yes,77974
Apprenticed under R. Penrose,Uncategorizable Thing,Wood and Glass,Deceptively Ordinary,No,32029
Apprenticed under M. Bosch,Library,Silver and Steel,Deceptively Ordinary,No,77048
Self-Taught,Tower,Silver and Dreams,Deceptively Ordinary,No,882990
Apprenticed under M. Bosch,Library,Steel and Dreams,Deceptively Ordinary,No,479093
Apprenticed under M. Escher,Maze,Steel and Wood,Deceptively Ordinary,Yes,4458
Apprenticed under P. Stamatin,Uncategorizable Thing,Steel and Wood,Deceptively Ordinary,Yes,6606
Self-Taught,Gateway,Silver and Glass,Obsessively Detailed,No,96283
Apprenticed under P. Stamatin,Library,Glass and Dreams,Obsessively Detailed,Yes,926716
Apprenticed under M. Bosch,Maze,Silver and Glass,Hastily Sketched,No,106168
Apprenticed under M. Escher,Maze,Steel and Nightmares,Obsessively Detailed,Yes,6543
Self-Taught,Uncategorizable Thing,Wood and Steel,Deceptively Ordinary,No,4172
Apprenticed under T. Geisel,Uncategorizable Thing,Wood and Nightmares,Hastily Sketched,No,880
Apprenticed under M. Escher,Gateway,Silver and Steel,Deceptively Ordinary,Yes,88128
Apprenticed under M. Bosch,Mechanism,Glass and Nightmares,Obsessively Detailed,No,37960
Apprenticed under R. Penrose,Mechanism,Glass and Silver,Hastily Sketched,No,93867
Apprenticed under M. Escher,Tower,Glass and Silver,Obsessively Detailed,Yes,121364
Apprenticed under P. Stamatin,Uncategorizable Thing,Steel and Silver,Deceptively Ordinary,Yes,69437
Apprenticed under R. Penrose,Gateway,Steel and Silver,Deceptively Ordinary,No,87725
Self-Taught,Mechanism,Wood and Nightmares,Hastily Sketched,No,504
Self-Taught,Maze,Wood and Dreams,Obsessively Detailed,Yes,869790
Self-Taught,Uncategorizable Thing,Wood and Glass,Hastily Sketched,No,32860
Apprenticed under P. Stamatin,Tower,Steel and Dreams,Deceptively Ordinary,Yes,666386
Apprenticed under M. Bosch,Uncategorizable Thing,Wood and Nightmares,Deceptively Ordinary,No,749
Apprenticed under M. Bosch,Tower,Steel and Silver,Obsessively Detailed,No,107037
Apprenticed under M. Escher,Maze,Glass and Steel,Deceptively Ordinary,Yes,41591
Apprenticed under M. Escher,Maze,Steel and Wood,Deceptively Ordinary,Yes,8246
Apprenticed under M. Escher,Library,Glass and Silver,Deceptively Ordinary,Yes,81967
Apprenticed under M. Escher,Gateway,Silver and Steel,Deceptively Ordinary,Yes,64821
Self-Taught,Gateway,Silver and Dreams,Hastily Sketched,Yes,928266
Apprenticed under T. Geisel,Library,Wood and Glass,Obsessively Detailed,No,36545
Apprenticed under M. Bosch,Tower,Glass and Nightmares,Obsessively Detailed,No,38063
Apprenticed under P. Stamatin,Uncategorizable Thing,Silver and Steel,Deceptively Ordinary,Yes,73316
Apprenticed under P. Stamatin,Maze,Wood and Nightmares,Hastily Sketched,Yes,503
Self-Taught,Gateway,Steel and Nightmares,Obsessively Detailed,No,3829
Apprenticed under M. Escher,Maze,Silver and Nightmares,Hastily Sketched,Yes,60149
Apprenticed under M. Bosch,Maze,Silver and Dreams,Deceptively Ordinary,No,294451
Apprenticed under R. Penrose,Maze,Steel and Silver,Obsessively Detailed,No,99120
Self-Taught,Library,Glass and Dreams,Hastily Sketched,Yes,264787
Apprenticed under T. Geisel,Uncategorizable Thing,Wood and Silver,Obsessively Detailed,No,77529
Self-Taught,Uncategorizable Thing,Wood and Nightmares,Deceptively Ordinary,No,510
Self-Taught,Gateway,Wood and Silver,Deceptively Ordinary,No,96135
Self-Taught,Mechanism,Glass and Dreams,Obsessively Detailed,No,259630
Apprenticed under P. Stamatin,Gateway,Glass and Dreams,Hastily Sketched,Yes,744149
Self-Taught,Mechanism,Steel and Wood,Obsessively Detailed,No,6475
Self-Taught,Uncategorizable Thing,Steel and Dreams,Hastily Sketched,No,811724
Self-Taught,Library,Glass and Wood,Obsessively Detailed,Yes,31356
Apprenticed under M. Escher,Mechanism,Steel and Glass,Hastily Sketched,Yes,32166
Apprenticed under M. Escher,Maze,Steel and Wood,Deceptively Ordinary,Yes,3707
Self-Taught,Maze,Steel and Silver,Deceptively Ordinary,Yes,95051
Apprenticed under R. Penrose,Tower,Steel and Nightmares,Obsessively Detailed,No,4732
Apprenticed under P. Stamatin,Gateway,Glass and Wood,Deceptively Ordinary,Yes,38802
Apprenticed under R. Penrose,Uncategorizable Thing,Steel and Nightmares,Deceptively Ordinary,No,2801
Apprenticed under T. Geisel,Maze,Steel and Nightmares,Deceptively Ordinary,No,8922
Apprenticed under M. Bosch,Uncategorizable Thing,Steel and Dreams,Deceptively Ordinary,No,458605
Apprenticed under R. Penrose,Uncategorizable Thing,Silver and Nightmares,Obsessively Detailed,No,94812
Self-Taught,Mechanism,Silver and Steel,Obsessively Detailed,Yes,84103
Self-Taught,Tower,Steel and Dreams,Obsessively Detailed,No,234665
Self-Taught,Uncategorizable Thing,Wood and Silver,Obsessively Detailed,Yes,72143
Self-Taught,Uncategorizable Thing,Steel and Nightmares,Obsessively Detailed,Yes,8919
Apprenticed under T. Geisel,Uncategorizable Thing,Wood and Dreams,Deceptively Ordinary,No,321292
Apprenticed under M. Escher,Uncategorizable Thing,Silver and Dreams,Hastily Sketched,Yes,1009585
Self-Taught,Gateway,Silver and Wood,Obsessively Detailed,No,90721
Self-Taught,Gateway,Glass and Steel,Obsessively Detailed,No,48444
Apprenticed under M. Escher,Uncategorizable Thing,Steel and Glass,Obsessively Detailed,Yes,41798
Apprenticed under T. Geisel,Tower,Wood and Silver,Deceptively Ordinary,No,85062
Apprenticed under P. Stamatin,Mechanism,Silver and Steel,Deceptively Ordinary,Yes,104325
Apprenticed under M. Bosch,Maze,Steel and Nightmares,Deceptively Ordinary,No,5362
Apprenticed under P. Stamatin,Uncategorizable Thing,Silver and Steel,Obsessively Detailed,Yes,65782
Apprenticed under M. Escher,Tower,Silver and Steel,Hastily Sketched,Yes,91295
Apprenticed under R. Penrose,Tower,Silver and Wood,Obsessively Detailed,No,92047
Apprenticed under P. Stamatin,Maze,Glass and Silver,Deceptively Ordinary,Yes,104240
Self-Taught,Mechanism,Wood and Nightmares,Obsessively Detailed,No,959
Apprenticed under T. Geisel,Uncategorizable Thing,Steel and Glass,Hastily Sketched,No,40749
Self-Taught,Uncategorizable Thing,Wood and Dreams,Obsessively Detailed,No,293947
Apprenticed under P. Stamatin,Mechanism,Silver and Nightmares,Obsessively Detailed,Yes,87921
Self-Taught,Mechanism,Steel and Glass,Deceptively Ordinary,No,35370
Apprenticed under M. Escher,Uncategorizable Thing,Glass and Steel,Obsessively Detailed,Yes,38113
Apprenticed under R. Penrose,Uncategorizable Thing,Wood and Dreams,Deceptively Ordinary,No,738437
Apprenticed under R. Penrose,Uncategorizable Thing,Wood and Glass,Deceptively Ordinary,No,28351
Apprenticed under P. Stamatin,Library,Steel and Wood,Hastily Sketched,Yes,6582
Apprenticed under P. Stamatin,Uncategorizable Thing,Silver and Dreams,Obsessively Detailed,Yes,457759
Self-Taught,Tower,Glass and Dreams,Deceptively Ordinary,Yes,605352
Apprenticed under M. Bosch,Uncategorizable Thing,Steel and Dreams,Deceptively Ordinary,No,994545
Apprenticed under T. Geisel,Tower,Glass and Dreams,Hastily Sketched,No,1004950
Apprenticed under M. Escher,Maze,Glass and Dreams,Hastily Sketched,Yes,378376
Apprenticed under R. Penrose,Library,Steel and Silver,Hastily Sketched,No,72415
Apprenticed under T. Geisel,Tower,Wood and Nightmares,Obsessively Detailed,No,940
Apprenticed under P. Stamatin,Uncategorizable Thing,Silver and Nightmares,Obsessively Detailed,Yes,91066
Apprenticed under P. Stamatin,Gateway,Silver and Glass,Deceptively Ordinary,Yes,101936
Apprenticed under P. Stamatin,Gateway,Glass and Silver,Obsessively Detailed,Yes,98185
Self-Taught,Uncategorizable Thing,Wood and Dreams,Deceptively Ordinary,No,414435
Apprenticed under T. Geisel,Library,Wood and Silver,Obsessively Detailed,No,65199
Self-Taught,Maze,Steel and Silver,Obsessively Detailed,No,56072
Apprenticed under M. Escher,Library,Wood and Nightmares,Deceptively Ordinary,Yes,887
Apprenticed under R. Penrose,Uncategorizable Thing,Steel and Dreams,Hastily Sketched,No,834486
Apprenticed under M. Bosch,Uncategorizable Thing,Wood and Steel,Hastily Sketched,No,5194
Apprenticed under R. Penrose,Uncategorizable Thing,Silver and Wood,Deceptively Ordinary,No,56534
Apprenticed under P. Stamatin,Uncategorizable Thing,Steel and Wood,Deceptively Ordinary,Yes,5743
Self-Taught,Mechanism,Silver and Glass,Hastily Sketched,No,93927
Self-Taught,Uncategorizable Thing,Silver and Dreams,Obsessively Detailed,Yes,476811
Apprenticed under T. Geisel,Maze,Steel and Glass,Hastily Sketched,No,25335
Apprenticed under R. Penrose,Tower,Steel and Silver,Deceptively Ordinary,No,98646
Apprenticed under M. Escher,Uncategorizable Thing,Glass and Steel,Obsessively Detailed,Yes,30331
Apprenticed under P. Stamatin,Uncategorizable Thing,Silver and Wood,Deceptively Ordinary,Yes,79796
Apprenticed under P. Stamatin,Tower,Wood and Steel,Deceptively Ordinary,Yes,9222
Apprenticed under R. Penrose,Uncategorizable Thing,Steel and Glass,Hastily Sketched,No,32788
Apprenticed under T. Geisel,Tower,Glass and Silver,Obsessively Detailed,No,88120
Self-Taught,Tower,Steel and Silver,Deceptively Ordinary,No,92252
Apprenticed under P. Stamatin,Library,Glass and Steel,Hastily Sketched,Yes,39293
Apprenticed under R. Penrose,Library,Glass and Silver,Hastily Sketched,No,119273
Apprenticed under P. Stamatin,Mechanism,Wood and Steel,Hastily Sketched,Yes,9271
Self-Taught,Tower,Wood and Nightmares,Deceptively Ordinary,Yes,917
Apprenticed under R. Penrose,Gateway,Glass and Dreams,Hastily Sketched,No,764400
Apprenticed under R. Penrose,Uncategorizable Thing,Glass and Steel,Obsessively Detailed,No,41961
Apprenticed under T. Geisel,Uncategorizable Thing,Silver and Steel,Hastily Sketched,No,71338
Apprenticed under M. Bosch,Maze,Wood and Dreams,Hastily Sketched,No,673056
Apprenticed under M. Escher,Uncategorizable Thing,Glass and Silver,Obsessively Detailed,Yes,117581
Apprenticed under P. Stamatin,Uncategorizable Thing,Glass and Dreams,Deceptively Ordinary,Yes,884614
Apprenticed under R. Penrose,Uncategorizable Thing,Silver and Steel,Hastily Sketched,No,81691
Self-Taught,Tower,Wood and Glass,Obsessively Detailed,No,21058
Apprenticed under R. Penrose,Mechanism,Glass and Silver,Deceptively Ordinary,No,89325
Apprenticed under P. Stamatin,Gateway,Wood and Nightmares,Obsessively Detailed,Yes,914
Apprenticed under P. Stamatin,Tower,Silver and Nightmares,Hastily Sketched,Yes,75460
Apprenticed under P. Stamatin,Uncategorizable Thing,Glass and Steel,Obsessively Detailed,Yes,43446
Self-Taught,Gateway,Wood and Steel,Deceptively Ordinary,No,2926
Apprenticed under R. Penrose,Uncategorizable Thing,Wood and Nightmares,Obsessively Detailed,No,862
Apprenticed under M. Bosch,Mechanism,Steel and Silver,Deceptively Ordinary,No,103322
Apprenticed under R. Penrose,Uncategorizable Thing,Silver and Dreams,Deceptively Ordinary,No,365891
Apprenticed under R. Penrose,Uncategorizable Thing,Silver and Nightmares,Hastily Sketched,No,94431
Apprenticed under T. Geisel,Maze,Silver and Glass,Obsessively Detailed,No,103377
Self-Taught,Mechanism,Silver and Steel,Hastily Sketched,Yes,86306
Self-Taught,Library,Wood and Steel,Deceptively Ordinary,Yes,6978
Apprenticed under M. Escher,Mechanism,Steel and Nightmares,Obsessively Detailed,Yes,5597
Self-Taught,Maze,Glass and Dreams,Obsessively Detailed,Yes,726579
Apprenticed under M. Escher,Uncategorizable Thing,Silver and Dreams,Obsessively Detailed,Yes,603259
Apprenticed under P. Stamatin,Mechanism,Wood and Steel,Obsessively Detailed,Yes,7632
Apprenticed under M. Bosch,Maze,Steel and Glass,Deceptively Ordinary,No,37171
Apprenticed under M. Bosch,Uncategorizable Thing,Steel and Wood,Deceptively Ordinary,No,7401
Self-Taught,Uncategorizable Thing,Wood and Dreams,Obsessively Detailed,No,838685
Self-Taught,Uncategorizable Thing,Steel and Silver,Deceptively Ordinary,Yes,101495
Apprenticed under R. Penrose,Tower,Silver and Glass,Obsessively Detailed,No,91833
Apprenticed under P. Stamatin,Maze,Silver and Dreams,Deceptively Ordinary,Yes,388125
Apprenticed under M. Escher,Uncategorizable Thing,Silver and Steel,Hastily Sketched,Yes,64718
Apprenticed under R. Penrose,Gateway,Glass and Silver,Obsessively Detailed,No,89149
Apprenticed under P. Stamatin,Uncategorizable Thing,Glass and Wood,Hastily Sketched,Yes,22065
Apprenticed under M. Escher,Mechanism,Silver and Nightmares,Hastily Sketched,Yes,66995
Self-Taught,Uncategorizable Thing,Silver and Dreams,Deceptively Ordinary,Yes,625029
Self-Taught,Uncategorizable Thing,Glass and Steel,Deceptively Ordinary,Yes,42722
Self-Taught,Mechanism,Wood and Nightmares,Obsessively Detailed,No,993
Apprenticed under R. Penrose,Tower,Glass and Wood,Deceptively Ordinary,No,23664
Apprenticed under M. Escher,Library,Glass and Wood,Deceptively Ordinary,Yes,31804
Apprenticed under M. Escher,Mechanism,Silver and Steel,Deceptively Ordinary,Yes,93647
Apprenticed under T. Geisel,Uncategorizable Thing,Wood and Glass,Hastily Sketched,No,37540
Self-Taught,Tower,Silver and Steel,Deceptively Ordinary,Yes,100527
Apprenticed under M. Bosch,Tower,Steel and Glass,Hastily Sketched,No,38942
Apprenticed under T. Geisel,Mechanism,Silver and Nightmares,Deceptively Ordinary,No,82425
Apprenticed under T. Geisel,Maze,Wood and Silver,Deceptively Ordinary,No,95226
Self-Taught,Uncategorizable Thing,Steel and Silver,Obsessively Detailed,No,99214
Apprenticed under T. Geisel,Uncategorizable Thing,Steel and Silver,Obsessively Detailed,No,70417
Apprenticed under M. Escher,Gateway,Steel and Silver,Deceptively Ordinary,Yes,58008
Apprenticed under R. Penrose,Library,Glass and Silver,Deceptively Ordinary,No,87655
Apprenticed under T. Geisel,Mechanism,Wood and Steel,Hastily Sketched,No,4901
Self-Taught,Maze,Steel and Glass,Deceptively Ordinary,No,40554
Apprenticed under R. Penrose,Uncategorizable Thing,Wood and Nightmares,Deceptively Ordinary,No,618
Apprenticed under M. Escher,Mechanism,Glass and Wood,Hastily Sketched,Yes,39410
Apprenticed under M. Bosch,Uncategorizable Thing,Wood and Dreams,Obsessively Detailed,No,807294
Apprenticed under M. Escher,Gateway,Glass and Nightmares,Hastily Sketched,Yes,30726
Apprenticed under M. Bosch,Library,Steel and Wood,Obsessively Detailed,No,7942
Self-Taught,Mechanism,Steel and Dreams,Deceptively Ordinary,Yes,942227
Apprenticed under R. Penrose,Mechanism,Wood and Nightmares,Obsessively Detailed,No,575
Apprenticed under M. Escher,Library,Glass and Dreams,Hastily Sketched,Yes,254044
Apprenticed under T. Geisel,Uncategorizable Thing,Wood and Dreams,Obsessively Detailed,No,718166
Apprenticed under M. Bosch,Library,Wood and Dreams,Deceptively Ordinary,No,943804
Apprenticed under M. Bosch,Uncategorizable Thing,Steel and Silver,Deceptively Ordinary,No,60598
Apprenticed under P. Stamatin,Uncategorizable Thing,Wood and Silver,Obsessively Detailed,Yes,100724
Apprenticed under P. Stamatin,Library,Steel and Glass,Obsessively Detailed,Yes,41594
Self-Taught,Uncategorizable Thing,Silver and Dreams,Deceptively Ordinary,Yes,542705
Apprenticed under R. Penrose,Maze,Wood and Nightmares,Deceptively Ordinary,No,645
Apprenticed under T. Geisel,Gateway,Silver and Nightmares,Hastily Sketched,No,95850
Self-Taught,Gateway,Glass and Dreams,Hastily Sketched,No,990103
Self-Taught,Gateway,Silver and Steel,Deceptively Ordinary,No,84983
Self-Taught,Maze,Silver and Wood,Deceptively Ordinary,No,74814
Apprenticed under T. Geisel,Gateway,Silver and Steel,Hastily Sketched,No,70801
Self-Taught,Uncategorizable Thing,Glass and Steel,Obsessively Detailed,No,40920
Apprenticed under P. Stamatin,Uncategorizable Thing,Steel and Nightmares,Deceptively Ordinary,Yes,6063
Apprenticed under M. Escher,Gateway,Steel and Wood,Obsessively Detailed,Yes,8383
Apprenticed under M. Escher,Uncategorizable Thing,Glass and Silver,Hastily Sketched,Yes,98305
Apprenticed under P. Stamatin,Gateway,Glass and Nightmares,Hastily Sketched,Yes,30993
Apprenticed under M. Bosch,Uncategorizable Thing,Glass and Nightmares,Obsessively Detailed,No,22011
Apprenticed under M. Bosch,Mechanism,Glass and Wood,Hastily Sketched,No,31485
Apprenticed under M. Escher,Mechanism,Glass and Nightmares,Obsessively Detailed,Yes,23941
Apprenticed under R. Penrose,Gateway,Steel and Dreams,Deceptively Ordinary,No,856688
Self-Taught,Tower,Wood and Silver,Obsessively Detailed,No,67182
Apprenticed under M. Escher,Library,Steel and Wood,Deceptively Ordinary,Yes,8111
Apprenticed under T. Geisel,Tower,Glass and Silver,Obsessively Detailed,No,108398
Self-Taught,Mechanism,Wood and Silver,Deceptively Ordinary,Yes,61237
Apprenticed under M. Bosch,Gateway,Silver and Dreams,Hastily Sketched,No,425988
Apprenticed under M. Escher,Mechanism,Silver and Wood,Hastily Sketched,Yes,69750
Apprenticed under R. Penrose,Uncategorizable Thing,Silver and Glass,Hastily Sketched,No,120667
Self-Taught,Mechanism,Silver and Dreams,Hastily Sketched,No,931928
Apprenticed under T. Geisel,Mechanism,Silver and Wood,Deceptively Ordinary,No,54896
Apprenticed under M. Bosch,Library,Wood and Silver,Deceptively Ordinary,No,96071
Apprenticed under M. Bosch,Uncategorizable Thing,Wood and Glass,Deceptively Ordinary,No,24175
Apprenticed under T. Geisel,Mechanism,Wood and Dreams,Deceptively Ordinary,No,363386
Apprenticed under R. Penrose,Gateway,Steel and Silver,Deceptively Ordinary,No,80723
Apprenticed under R. Penrose,Tower,Glass and Dreams,Obsessively Detailed,No,794272
Self-Taught,Maze,Wood and Dreams,Deceptively Ordinary,No,223439
Apprenticed under P. Stamatin,Gateway,Silver and Glass,Deceptively Ordinary,Yes,117789
Apprenticed under R. Penrose,Uncategorizable Thing,Steel and Nightmares,Deceptively Ordinary,No,8900
Apprenticed under M. Bosch,Gateway,Glass and Silver,Deceptively Ordinary,No,84334
Apprenticed under M. Bosch,Gateway,Silver and Glass,Deceptively Ordinary,No,130457
Apprenticed under P. Stamatin,Tower,Glass and Nightmares,Obsessively Detailed,Yes,36672
Self-Taught,Uncategorizable Thing,Glass and Nightmares,Deceptively Ordinary,No,33517
Self-Taught,Mechanism,Glass and Dreams,Deceptively Ordinary,No,781408
Apprenticed under M. Escher,Library,Steel and Nightmares,Hastily Sketched,Yes,4356
Apprenticed under M. Bosch,Gateway,Glass and Nightmares,Deceptively Ordinary,No,27617
Self-Taught,Uncategorizable Thing,Silver and Wood,Deceptively Ordinary,Yes,76231
Apprenticed under R. Penrose,Gateway,Steel and Wood,Deceptively Ordinary,No,5466
Self-Taught,Maze,Wood and Glass,Obsessively Detailed,No,30643
Apprenticed under P. Stamatin,Library,Silver and Wood,Obsessively Detailed,Yes,100063
Self-Taught,Uncategorizable Thing,Silver and Dreams,Obsessively Detailed,Yes,585355
Apprenticed under P. Stamatin,Maze,Silver and Steel,Hastily Sketched,Yes,100257
Apprenticed under T. Geisel,Uncategorizable Thing,Wood and Steel,Deceptively Ordinary,No,9293
Apprenticed under P. Stamatin,Tower,Steel and Dreams,Deceptively Ordinary,Yes,789787
Apprenticed under R. Penrose,Uncategorizable Thing,Silver and Steel,Deceptively Ordinary,No,98349
Apprenticed under T. Geisel,Uncategorizable Thing,Silver and Glass,Deceptively Ordinary,No,136131
Apprenticed under R. Penrose,Gateway,Silver and Dreams,Deceptively Ordinary,No,491406
Self-Taught,Tower,Wood and Glass,Hastily Sketched,No,28596
Apprenticed under R. Penrose,Uncategorizable Thing,Steel and Dreams,Deceptively Ordinary,No,756313
Self-Taught,Gateway,Silver and Nightmares,Obsessively Detailed,Yes,51927
Apprenticed under M. Escher,Library,Steel and Dreams,Hastily Sketched,Yes,917177
Apprenticed under M. Bosch,Mechanism,Steel and Dreams,Hastily Sketched,No,307674
Apprenticed under T. Geisel,Uncategorizable Thing,Wood and Dreams,Obsessively Detailed,No,545625
Self-Taught,Mechanism,Silver and Nightmares,Deceptively Ordinary,No,95440
Self-Taught,Maze,Wood and Nightmares,Deceptively Ordinary,No,802
Apprenticed under P. Stamatin,Mechanism,Steel and Dreams,Obsessively Detailed,Yes,658525
Self-Taught,Mechanism,Steel and Dreams,Hastily Sketched,Yes,765088
Apprenticed under M. Bosch,Maze,Steel and Dreams,Obsessively Detailed,No,546434
Self-Taught,Tower,Glass and Steel,Obsessively Detailed,No,40830
Apprenticed under M. Bosch,Uncategorizable Thing,Silver and Dreams,Deceptively Ordinary,No,357867
Apprenticed under M. Bosch,Maze,Steel and Nightmares,Obsessively Detailed,No,5625
Apprenticed under R. Penrose,Mechanism,Silver and Wood,Obsessively Detailed,No,96405
Self-Taught,Library,Glass and Dreams,Obsessively Detailed,Yes,595027
Apprenticed under T. Geisel,Mechanism,Silver and Glass,Deceptively Ordinary,No,93122
Apprenticed under M. Bosch,Uncategorizable Thing,Silver and Dreams,Deceptively Ordinary,No,883616
Self-Taught,Uncategorizable Thing,Glass and Dreams,Deceptively Ordinary,No,749132
Self-Taught,Maze,Steel and Glass,Hastily Sketched,No,34938
Apprenticed under P. Stamatin,Library,Steel and Silver,Deceptively Ordinary,Yes,103812
Apprenticed under T. Geisel,Library,Steel and Glass,Deceptively Ordinary,No,29587
Apprenticed under M. Bosch,Uncategorizable Thing,Glass and Silver,Deceptively Ordinary,No,110099
Apprenticed under P. Stamatin,Uncategorizable Thing,Steel and Wood,Hastily Sketched,Yes,3375
Apprenticed under P. Stamatin,Gateway,Wood and Nightmares,Obsessively Detailed,Yes,970
Self-Taught,Uncategorizable Thing,Glass and Dreams,Obsessively Detailed,Yes,901170
Apprenticed under R. Penrose,Mechanism,Glass and Silver,Obsessively Detailed,No,138663
Apprenticed under T. Geisel,Uncategorizable Thing,Steel and Glass,Deceptively Ordinary,No,38435
Apprenticed under R. Penrose,Tower,Glass and Dreams,Hastily Sketched,No,583099
Apprenticed under M. Bosch,Uncategorizable Thing,Wood and Silver,Obsessively Detailed,No,91154
Apprenticed under R. Penrose,Library,Steel and Glass,Hastily Sketched,No,26678
Apprenticed under T. Geisel,Maze,Glass and Dreams,Hastily Sketched,No,322859
Apprenticed under P. Stamatin,Uncategorizable Thing,Wood and Dreams,Obsessively Detailed,Yes,263989
Apprenticed under T. Geisel,Uncategorizable Thing,Steel and Wood,Hastily Sketched,No,10171
Self-Taught,Tower,Glass and Dreams,Deceptively Ordinary,No,769474
Apprenticed under M. Escher,Tower,Wood and Silver,Obsessively Detailed,Yes,95506
Self-Taught,Mechanism,Glass and Steel,Obsessively Detailed,No,40380
Self-Taught,Maze,Glass and Nightmares,Obsessively Detailed,No,37224
Apprenticed under P. Stamatin,Uncategorizable Thing,Silver and Dreams,Obsessively Detailed,Yes,355524
Apprenticed under R. Penrose,Mechanism,Silver and Wood,Obsessively Detailed,No,92514
Apprenticed under M. Bosch,Tower,Wood and Dreams,Deceptively Ordinary,No,492842
Apprenticed under M. Escher,Gateway,Silver and Wood,Obsessively Detailed,Yes,52693
Apprenticed under M. Escher,Mechanism,Steel and Dreams,Deceptively Ordinary,Yes,880642
Apprenticed under P. Stamatin,Gateway,Glass and Wood,Deceptively Ordinary,Yes,23292
Apprenticed under T. Geisel,Uncategorizable Thing,Steel and Wood,Deceptively Ordinary,No,7405
Apprenticed under R. Penrose,Uncategorizable Thing,Wood and Glass,Deceptively Ordinary,No,33596
Self-Taught,Tower,Steel and Glass,Obsessively Detailed,Yes,39532
Apprenticed under T. Geisel,Mechanism,Wood and Silver,Obsessively Detailed,No,70198
Self-Taught,Uncategorizable Thing,Glass and Dreams,Deceptively Ordinary,Yes,935169
Self-Taught,Uncategorizable Thing,Silver and Steel,Hastily Sketched,No,68471
Apprenticed under R. Penrose,Maze,Wood and Glass,Hastily Sketched,No,34762
Apprenticed under M. Bosch,Library,Silver and Wood,Hastily Sketched,No,91897
Self-Taught,Gateway,Glass and Nightmares,Obsessively Detailed,No,30994
Apprenticed under R. Penrose,Maze,Steel and Wood,Obsessively Detailed,No,4316
Self-Taught,Uncategorizable Thing,Silver and Nightmares,Deceptively Ordinary,Yes,71404
Apprenticed under P. Stamatin,Maze,Steel and Wood,Obsessively Detailed,Yes,4102
Self-Taught,Mechanism,Silver and Glass,Deceptively Ordinary,No,95680
Apprenticed under M. Bosch,Uncategorizable Thing,Silver and Dreams,Deceptively Ordinary,No,852780
Apprenticed under M. Bosch,Mechanism,Steel and Nightmares,Obsessively Detailed,No,7796
Apprenticed under P. Stamatin,Maze,Wood and Silver,Obsessively Detailed,Yes,55824
Self-Taught,Mechanism,Glass and Nightmares,Obsessively Detailed,No,29755
Apprenticed under P. Stamatin,Uncategorizable Thing,Glass and Wood,Hastily Sketched,Yes,32640
Apprenticed under M. Bosch,Uncategorizable Thing,Steel and Glass,Deceptively Ordinary,No,27373
Apprenticed under R. Penrose,Maze,Silver and Dreams,Hastily Sketched,No,841439
Apprenticed under P. Stamatin,Uncategorizable Thing,Wood and Dreams,Deceptively Ordinary,Yes,891389
Self-Taught,Library,Wood and Steel,Deceptively Ordinary,No,5892
Self-Taught,Mechanism,Wood and Glass,Obsessively Detailed,No,32716
Self-Taught,Uncategorizable Thing,Wood and Silver,Obsessively Detailed,No,93593
Apprenticed under P. Stamatin,Maze,Steel and Nightmares,Obsessively Detailed,Yes,8046
Apprenticed under P. Stamatin,Uncategorizable Thing,Wood and Glass,Obsessively Detailed,Yes,25283
Apprenticed under R. Penrose,Mechanism,Glass and Wood,Deceptively Ordinary,No,22246
Apprenticed under T. Geisel,Library,Wood and Glass,Deceptively Ordinary,No,37551
Self-Taught,Uncategorizable Thing,Silver and Dreams,Obsessively Detailed,No,607092
Apprenticed under P. Stamatin,Uncategorizable Thing,Silver and Steel,Deceptively Ordinary,Yes,80634
Self-Taught,Mechanism,Glass and Silver,Deceptively Ordinary,No,97767
Self-Taught,Mechanism,Steel and Nightmares,Deceptively Ordinary,Yes,8707
Apprenticed under P. Stamatin,Tower,Glass and Dreams,Deceptively Ordinary,Yes,432069
Apprenticed under T. Geisel,Tower,Glass and Wood,Deceptively Ordinary,No,34526
Self-Taught,Mechanism,Wood and Dreams,Obsessively Detailed,Yes,241494
Apprenticed under T. Geisel,Uncategorizable Thing,Silver and Wood,Deceptively Ordinary,No,64339
Apprenticed under R. Penrose,Uncategorizable Thing,Steel and Dreams,Deceptively Ordinary,No,571836
Apprenticed under R. Penrose,Uncategorizable Thing,Glass and Dreams,Deceptively Ordinary,No,391492
Apprenticed under R. Penrose,Uncategorizable Thing,Silver and Dreams,Obsessively Detailed,No,968294
Apprenticed under M. Escher,Library,Glass and Dreams,Obsessively Detailed,Yes,506206
Apprenticed under T. Geisel,Maze,Glass and Steel,Hastily Sketched,No,40750
Self-Taught,Tower,Glass and Silver,Hastily Sketched,Yes,106544
Apprenticed under P. Stamatin,Mechanism,Wood and Glass,Obsessively Detailed,Yes,32517
Apprenticed under P. Stamatin,Uncategorizable Thing,Wood and Dreams,Obsessively Detailed,Yes,423578
Apprenticed under P. Stamatin,Tower,Silver and Steel,Deceptively Ordinary,Yes,86224
Apprenticed under T. Geisel,Gateway,Silver and Wood,Hastily Sketched,No,54281
Self-Taught,Uncategorizable Thing,Steel and Nightmares,Hastily Sketched,Yes,9380
Apprenticed under T. Geisel,Maze,Glass and Silver,Obsessively Detailed,No,95412
Self-Taught,Uncategorizable Thing,Glass and Steel,Deceptively Ordinary,No,32608
Apprenticed under M. Escher,Maze,Wood and Silver,Obsessively Detailed,Yes,75301
Self-Taught,Uncategorizable Thing,Wood and Steel,Obsessively Detailed,No,9973
Apprenticed under P. Stamatin,Mechanism,Steel and Wood,Deceptively Ordinary,Yes,9037
Apprenticed under R. Penrose,Mechanism,Silver and Wood,Hastily Sketched,No,68182
Apprenticed under R. Penrose,Gateway,Steel and Nightmares,Deceptively Ordinary,No,3727
Apprenticed under R. Penrose,Uncategorizable Thing,Glass and Wood,Obsessively Detailed,No,32083
Apprenticed under T. Geisel,Maze,Wood and Steel,Deceptively Ordinary,No,9902
Self-Taught,Uncategorizable Thing,Silver and Glass,Deceptively Ordinary,No,92856
Apprenticed under T. Geisel,Mechanism,Silver and Nightmares,Deceptively Ordinary,No,96935
Apprenticed under T. Geisel,Uncategorizable Thing,Glass and Dreams,Obsessively Detailed,No,652802
Apprenticed under M. Escher,Library,Wood and Glass,Hastily Sketched,Yes,38793
Apprenticed under R. Penrose,Gateway,Silver and Dreams,Deceptively Ordinary,No,1054889
Apprenticed under R. Penrose,Tower,Wood and Nightmares,Hastily Sketched,No,598
Apprenticed under R. Penrose,Tower,Silver and Nightmares,Deceptively Ordinary,No,98894
Apprenticed under M. Bosch,Uncategorizable Thing,Silver and Nightmares,Deceptively Ordinary,No,54838
Apprenticed under P. Stamatin,Uncategorizable Thing,Glass and Dreams,Hastily Sketched,Yes,361465
Apprenticed under R. Penrose,Tower,Wood and Dreams,Obsessively Detailed,No,998231
Apprenticed under R. Penrose,Mechanism,Wood and Dreams,Deceptively Ordinary,No,537231
Apprenticed under M. Escher,Maze,Wood and Glass,Obsessively Detailed,Yes,37561
Apprenticed under P. Stamatin,Tower,Wood and Glass,Obsessively Detailed,Yes,30067
Self-Taught,Mechanism,Glass and Nightmares,Obsessively Detailed,No,35513
Self-Taught,Tower,Steel and Wood,Deceptively Ordinary,No,4402
Apprenticed under T. Geisel,Gateway,Silver and Steel,Hastily Sketched,No,70400
Apprenticed under M. Bosch,Tower,Steel and Dreams,Deceptively Ordinary,No,507202
Apprenticed under M. Escher,Mechanism,Wood and Silver,Deceptively Ordinary,Yes,59787
Apprenticed under M. Bosch,Mechanism,Steel and Dreams,Obsessively Detailed,No,963312
Apprenticed under R. Penrose,Tower,Silver and Dreams,Hastily Sketched,No,861011
Apprenticed under M. Bosch,Mechanism,Silver and Nightmares,Hastily Sketched,No,94466
Apprenticed under T. Geisel,Maze,Steel and Glass,Hastily Sketched,No,37717
Apprenticed under T. Geisel,Gateway,Silver and Steel,Hastily Sketched,No,63625
Apprenticed under P. Stamatin,Maze,Glass and Dreams,Hastily Sketched,Yes,516892
Self-Taught,Uncategorizable Thing,Silver and Dreams,Obsessively Detailed,No,985376
Self-Taught,Uncategorizable Thing,Wood and Dreams,Hastily Sketched,No,962163
Apprenticed under P. Stamatin,Uncategorizable Thing,Steel and Wood,Deceptively Ordinary,Yes,4925
Apprenticed under T. Geisel,Library,Glass and Silver,Obsessively Detailed,No,91818
Self-Taught,Library,Silver and Dreams,Deceptively Ordinary,No,537627
Apprenticed under R. Penrose,Maze,Steel and Nightmares,Deceptively Ordinary,No,3424
Apprenticed under M. Escher,Mechanism,Steel and Dreams,Deceptively Ordinary,Yes,696457
Apprenticed under M. Escher,Maze,Glass and Silver,Obsessively Detailed,Yes,90829
Self-Taught,Uncategorizable Thing,Steel and Nightmares,Deceptively Ordinary,No,5314
Apprenticed under M. Escher,Maze,Steel and Glass,Deceptively Ordinary,Yes,30455
Apprenticed under T. Geisel,Mechanism,Glass and Silver,Hastily Sketched,No,110676
Apprenticed under M. Escher,Library,Steel and Dreams,Obsessively Detailed,Yes,304754
Apprenticed under R. Penrose,Tower,Steel and Silver,Deceptively Ordinary,No,85614
Apprenticed under T. Geisel,Tower,Glass and Steel,Deceptively Ordinary,No,42168
Apprenticed under R. Penrose,Tower,Steel and Silver,Deceptively Ordinary,No,90344
Apprenticed under M. Bosch,Gateway,Steel and Wood,Obsessively Detailed,No,9523
Self-Taught,Uncategorizable Thing,Glass and Silver,Obsessively Detailed,Yes,92608
Apprenticed under M. Bosch,Tower,Wood and Nightmares,Obsessively Detailed,No,737
Apprenticed under M. Escher,Library,Wood and Nightmares,Deceptively Ordinary,Yes,558
Apprenticed under M. Escher,Uncategorizable Thing,Silver and Steel,Deceptively Ordinary,Yes,106424
Apprenticed under R. Penrose,Gateway,Glass and Steel,Deceptively Ordinary,No,43510
Apprenticed under M. Bosch,Library,Wood and Dreams,Deceptively Ordinary,No,826532
Apprenticed under T. Geisel,Uncategorizable Thing,Glass and Dreams,Deceptively Ordinary,No,824765
Self-Taught,Mechanism,Steel and Silver,Obsessively Detailed,No,81235
Apprenticed under M. Escher,Uncategorizable Thing,Steel and Glass,Hastily Sketched,Yes,42628
Self-Taught,Uncategorizable Thing,Wood and Dreams,Deceptively Ordinary,Yes,716330
Self-Taught,Uncategorizable Thing,Silver and Dreams,Obsessively Detailed,Yes,703993
Self-Taught,Library,Steel and Glass,Obsessively Detailed,No,30834
Self-Taught,Uncategorizable Thing,Wood and Glass,Obsessively Detailed,No,20572
Apprenticed under R. Penrose,Library,Glass and Silver,Obsessively Detailed,No,127792
Self-Taught,Gateway,Silver and Wood,Obsessively Detailed,No,80003
Self-Taught,Gateway,Silver and Dreams,Deceptively Ordinary,No,776137
Apprenticed under M. Escher,Uncategorizable Thing,Steel and Nightmares,Deceptively Ordinary,Yes,8298
Apprenticed under M. Escher,Mechanism,Glass and Nightmares,Deceptively Ordinary,Yes,22437
Apprenticed under R. Penrose,Gateway,Steel and Dreams,Deceptively Ordinary,No,962827
Apprenticed under R. Penrose,Uncategorizable Thing,Steel and Dreams,Hastily Sketched,No,658267
Apprenticed under M. Escher,Maze,Steel and Silver,Hastily Sketched,Yes,102056
Apprenticed under T. Geisel,Library,Silver and Nightmares,Deceptively Ordinary,No,68867
Self-Taught,Uncategorizable Thing,Glass and Steel,Deceptively Ordinary,Yes,38766
Apprenticed under T. Geisel,Tower,Steel and Wood,Obsessively Detailed,No,5527
Self-Taught,Mechanism,Silver and Wood,Hastily Sketched,Yes,69409
Self-Taught,Maze,Silver and Glass,Deceptively Ordinary,Yes,132830
Self-Taught,Gateway,Silver and Wood,Deceptively Ordinary,No,75559
Apprenticed under M. Bosch,Library,Steel and Silver,Obsessively Detailed,No,67005
Apprenticed under T. Geisel,Uncategorizable Thing,Glass and Silver,Obsessively Detailed,No,114540
Apprenticed under T. Geisel,Maze,Steel and Dreams,Hastily Sketched,No,330193
Apprenticed under P. Stamatin,Uncategorizable Thing,Steel and Wood,Deceptively Ordinary,Yes,6537
Self-Taught,Mechanism,Silver and Glass,Deceptively Ordinary,No,105061
Apprenticed under R. Penrose,Maze,Silver and Nightmares,Deceptively Ordinary,No,88856
Apprenticed under M. Escher,Tower,Wood and Nightmares,Deceptively Ordinary,Yes,669
Apprenticed under M. Bosch,Uncategorizable Thing,Wood and Steel,Hastily Sketched,No,6501
Apprenticed under P. Stamatin,Uncategorizable Thing,Glass and Dreams,Deceptively Ordinary,Yes,257809
Self-Taught,Gateway,Glass and Dreams,Obsessively Detailed,Yes,574264
Self-Taught,Uncategorizable Thing,Wood and Nightmares,Obsessively Detailed,No,624
Apprenticed under P. Stamatin,Tower,Silver and Dreams,Obsessively Detailed,Yes,640381
Self-Taught,Mechanism,Glass and Steel,Deceptively Ordinary,No,25577
Apprenticed under P. Stamatin,Mechanism,Silver and Nightmares,Hastily Sketched,Yes,57808
Apprenticed under T. Geisel,Maze,Wood and Steel,Obsessively Detailed,No,7352
Apprenticed under M. Escher,Mechanism,Wood and Nightmares,Hastily Sketched,Yes,642
Self-Taught,Library,Wood and Dreams,Deceptively Ordinary,Yes,802308
Apprenticed under M. Escher,Tower,Glass and Wood,Hastily Sketched,Yes,31035
Apprenticed under P. Stamatin,Tower,Glass and Dreams,Obsessively Detailed,Yes,360627
Apprenticed under M. Escher,Mechanism,Wood and Glass,Obsessively Detailed,Yes,27203
Self-Taught,Tower,Glass and Wood,Deceptively Ordinary,Yes,27402
Self-Taught,Mechanism,Silver and Glass,Hastily Sketched,No,131531
Self-Taught,Tower,Silver and Glass,Hastily Sketched,No,102653
Self-Taught,Tower,Steel and Glass,Obsessively Detailed,No,28654
Apprenticed under R. Penrose,Uncategorizable Thing,Wood and Silver,Deceptively Ordinary,No,79789
Self-Taught,Uncategorizable Thing,Glass and Steel,Obsessively Detailed,No,27348
Apprenticed under M. Bosch,Uncategorizable Thing,Silver and Wood,Hastily Sketched,No,56576
Apprenticed under P. Stamatin,Gateway,Steel and Dreams,Deceptively Ordinary,Yes,631102
Apprenticed under R. Penrose,Uncategorizable Thing,Silver and Glass,Obsessively Detailed,No,110223
Self-Taught,Library,Wood and Dreams,Deceptively Ordinary,Yes,807810
Apprenticed under M. Bosch,Uncategorizable Thing,Steel and Wood,Deceptively Ordinary,No,3328
Apprenticed under M. Escher,Maze,Wood and Dreams,Deceptively Ordinary,Yes,459024
Apprenticed under R. Penrose,Tower,Glass and Silver,Deceptively Ordinary,No,123079
Self-Taught,Maze,Steel and Wood,Hastily Sketched,No,6084
Apprenticed under M. Escher,Uncategorizable Thing,Silver and Glass,Obsessively Detailed,Yes,99611
Self-Taught,Maze,Wood and Dreams,Hastily Sketched,Yes,615861
Apprenticed under M. Bosch,Library,Steel and Dreams,Deceptively Ordinary,No,724448
Apprenticed under P. Stamatin,Uncategorizable Thing,Silver and Glass,Deceptively Ordinary,Yes,100400
Self-Taught,Library,Steel and Silver,Hastily Sketched,Yes,75572
Apprenticed under M. Bosch,Library,Steel and Silver,Hastily Sketched,No,97183
Apprenticed under P. Stamatin,Mechanism,Glass and Nightmares,Hastily Sketched,Yes,20577
Apprenticed under R. Penrose,Mechanism,Silver and Dreams,Deceptively Ordinary,No,531433
Apprenticed under M. Escher,Gateway,Steel and Wood,Deceptively Ordinary,Yes,3648
Self-Taught,Library,Steel and Nightmares,Obsessively Detailed,No,9914
Self-Taught,Uncategorizable Thing,Wood and Nightmares,Obsessively Detailed,No,567
Apprenticed under T. Geisel,Mechanism,Glass and Steel,Hastily Sketched,No,43661
Apprenticed under P. Stamatin,Maze,Silver and Nightmares,Hastily Sketched,Yes,97535
Apprenticed under P. Stamatin,Uncategorizable Thing,Wood and Dreams,Deceptively Ordinary,Yes,663256
Apprenticed under M. Bosch,Library,Steel and Glass,Deceptively Ordinary,No,32858
Apprenticed under M. Bosch,Uncategorizable Thing,Wood and Nightmares,Obsessively Detailed,No,917
Self-Taught,Uncategorizable Thing,Steel and Wood,Hastily Sketched,Yes,7061
Apprenticed under R. Penrose,Maze,Wood and Glass,Obsessively Detailed,No,27689
Apprenticed under P. Stamatin,Gateway,Steel and Glass,Obsessively Detailed,Yes,28199
Apprenticed under P. Stamatin,Uncategorizable Thing,Glass and Nightmares,Hastily Sketched,Yes,36867
Apprenticed under P. Stamatin,Gateway,Steel and Glass,Deceptively Ordinary,Yes,32293
Apprenticed under P. Stamatin,Maze,Glass and Steel,Obsessively Detailed,Yes,36920
Self-Taught,Gateway,Glass and Wood,Hastily Sketched,No,38103
Apprenticed under T. Geisel,Gateway,Glass and Wood,Deceptively Ordinary,No,38135
Self-Taught,Maze,Silver and Steel,Hastily Sketched,Yes,65853
Self-Taught,Uncategorizable Thing,Silver and Dreams,Hastily Sketched,No,308583
Apprenticed under R. Penrose,Uncategorizable Thing,Wood and Glass,Deceptively Ordinary,No,38654
Apprenticed under P. Stamatin,Library,Glass and Wood,Obsessively Detailed,Yes,23261
Apprenticed under R. Penrose,Library,Glass and Dreams,Deceptively Ordinary,No,583049
Apprenticed under R. Penrose,Uncategorizable Thing,Silver and Wood,Deceptively Ordinary,No,97720
Apprenticed under M. Bosch,Library,Wood and Silver,Hastily Sketched,No,58665
Apprenticed under P. Stamatin,Gateway,Steel and Wood,Deceptively Ordinary,Yes,4765
Apprenticed under P. Stamatin,Maze,Steel and Silver,Obsessively Detailed,Yes,93508
Apprenticed under P. Stamatin,Maze,Silver and Steel,Deceptively Ordinary,Yes,71087
Apprenticed under T. Geisel,Uncategorizable Thing,Glass and Wood,Deceptively Ordinary,No,24503
Apprenticed under R. Penrose,Tower,Glass and Nightmares,Deceptively Ordinary,No,20827
Apprenticed under R. Penrose,Gateway,Wood and Steel,Deceptively Ordinary,No,5319
Apprenticed under T. Geisel,Maze,Glass and Steel,Hastily Sketched,No,46991
Apprenticed under R. Penrose,Mechanism,Silver and Nightmares,Obsessively Detailed,No,69225
Apprenticed under R. Penrose,Maze,Wood and Glass,Deceptively Ordinary,No,26067
Self-Taught,Library,Steel and Silver,Hastily Sketched,No,93549
Apprenticed under M. Bosch,Tower,Wood and Dreams,Deceptively Ordinary,No,734118
Apprenticed under T. Geisel,Gateway,Wood and Glass,Deceptively Ordinary,No,25921
Apprenticed under M. Escher,Uncategorizable Thing,Wood and Glass,Deceptively Ordinary,Yes,29709
Apprenticed under R. Penrose,Uncategorizable Thing,Wood and Dreams,Deceptively Ordinary,No,283499
Apprenticed under P. Stamatin,Library,Glass and Wood,Obsessively Detailed,Yes,40476
Apprenticed under M. Escher,Mechanism,Wood and Silver,Hastily Sketched,Yes,83716
Self-Taught,Maze,Silver and Steel,Hastily Sketched,No,79132
Apprenticed under M. Escher,Mechanism,Wood and Steel,Deceptively Ordinary,Yes,8130
Apprenticed under T. Geisel,Gateway,Wood and Dreams,Obsessively Detailed,No,903448
Self-Taught,Uncategorizable Thing,Silver and Glass,Hastily Sketched,No,100402
Apprenticed under M. Escher,Gateway,Glass and Dreams,Hastily Sketched,Yes,414332
Apprenticed under P. Stamatin,Tower,Steel and Silver,Obsessively Detailed,Yes,72910
Self-Taught,Gateway,Silver and Wood,Hastily Sketched,No,82558
Apprenticed under M. Bosch,Library,Silver and Steel,Obsessively Detailed,No,86055
Apprenticed under M. Escher,Uncategorizable Thing,Silver and Steel,Deceptively Ordinary,Yes,76869
Self-Taught,Uncategorizable Thing,Silver and Wood,Hastily Sketched,Yes,68822
Apprenticed under M. Escher,Uncategorizable Thing,Silver and Dreams,Hastily Sketched,Yes,514553
Apprenticed under M. Escher,Gateway,Silver and Glass,Obsessively Detailed,Yes,110018
Apprenticed under M. Bosch,Maze,Silver and Wood,Obsessively Detailed,No,98738
Apprenticed under M. Escher,Gateway,Glass and Nightmares,Hastily Sketched,Yes,24328
Apprenticed under R. Penrose,Gateway,Wood and Dreams,Deceptively Ordinary,No,262271
Apprenticed under P. Stamatin,Uncategorizable Thing,Glass and Steel,Obsessively Detailed,Yes,45686
Apprenticed under T. Geisel,Maze,Glass and Steel,Obsessively Detailed,No,38488
Self-Taught,Tower,Glass and Steel,Hastily Sketched,No,30053
Apprenticed under M. Escher,Library,Steel and Wood,Hastily Sketched,Yes,6441
Apprenticed under P. Stamatin,Mechanism,Wood and Dreams,Obsessively Detailed,Yes,416887
Apprenticed under T. Geisel,Mechanism,Silver and Wood,Deceptively Ordinary,No,99698
Apprenticed under R. Penrose,Tower,Wood and Steel,Hastily Sketched,No,5788
Apprenticed under M. Escher,Mechanism,Glass and Dreams,Hastily Sketched,Yes,789194
Apprenticed under M. Escher,Gateway,Wood and Glass,Hastily Sketched,Yes,21857
Apprenticed under M. Escher,Tower,Glass and Dreams,Hastily Sketched,Yes,726306
Apprenticed under M. Bosch,Gateway,Glass and Silver,Hastily Sketched,No,112441
Apprenticed under T. Geisel,Library,Wood and Silver,Deceptively Ordinary,No,84998
Apprenticed under P. Stamatin,Gateway,Glass and Silver,Obsessively Detailed,Yes,114161
Self-Taught,Mechanism,Silver and Glass,Hastily Sketched,No,99004
Self-Taught,Gateway,Wood and Dreams,Deceptively Ordinary,No,294050
Apprenticed under T. Geisel,Uncategorizable Thing,Wood and Dreams,Obsessively Detailed,No,672988
Self-Taught,Tower,Glass and Steel,Deceptively Ordinary,Yes,40116
Apprenticed under R. Penrose,Maze,Steel and Dreams,Hastily Sketched,No,463900
Self-Taught,Tower,Wood and Nightmares,Obsessively Detailed,No,521
Apprenticed under T. Geisel,Library,Silver and Nightmares,Hastily Sketched,No,59764
Self-Taught,Tower,Wood and Dreams,Hastily Sketched,No,688392
Self-Taught,Uncategorizable Thing,Silver and Wood,Hastily Sketched,Yes,89201
Apprenticed under P. Stamatin,Uncategorizable Thing,Silver and Dreams,Deceptively Ordinary,Yes,415618
Apprenticed under P. Stamatin,Mechanism,Glass and Nightmares,Deceptively Ordinary,Yes,39798
Apprenticed under T. Geisel,Mechanism,Steel and Silver,Deceptively Ordinary,No,61823
Apprenticed under P. Stamatin,Uncategorizable Thing,Wood and Steel,Hastily Sketched,Yes,8360
Apprenticed under M. Bosch,Uncategorizable Thing,Wood and Dreams,Deceptively Ordinary,No,458764
Apprenticed under M. Escher,Maze,Glass and Nightmares,Deceptively Ordinary,Yes,28144
Apprenticed under R. Penrose,Library,Wood and Steel,Hastily Sketched,No,9163
Apprenticed under M. Bosch,Mechanism,Steel and Dreams,Obsessively Detailed,No,469151
Apprenticed under R. Penrose,Uncategorizable Thing,Steel and Silver,Hastily Sketched,No,98566
Self-Taught,Uncategorizable Thing,Steel and Glass,Hastily Sketched,No,29384
Apprenticed under R. Penrose,Library,Steel and Silver,Deceptively Ordinary,No,89808
Self-Taught,Maze,Glass and Dreams,Deceptively Ordinary,No,259704
Apprenticed under M. Bosch,Library,Wood and Dreams,Obsessively Detailed,No,643518
Self-Taught,Gateway,Silver and Nightmares,Obsessively Detailed,No,67087
Self-Taught,Library,Glass and Nightmares,Obsessively Detailed,No,20397
Apprenticed under M. Bosch,Maze,Wood and Steel,Obsessively Detailed,No,9374
Self-Taught,Maze,Glass and Dreams,Obsessively Detailed,Yes,679730
Apprenticed under R. Penrose,Uncategorizable Thing,Steel and Nightmares,Deceptively Ordinary,No,4809
Self-Taught,Maze,Glass and Silver,Obsessively Detailed,No,71812
Apprenticed under M. Escher,Maze,Silver and Dreams,Hastily Sketched,Yes,523882
Apprenticed under M. Bosch,Mechanism,Glass and Steel,Deceptively Ordinary,No,42155
Apprenticed under M. Bosch,Uncategorizable Thing,Wood and Nightmares,Deceptively Ordinary,No,810
Apprenticed under M. Escher,Gateway,Silver and Nightmares,Deceptively Ordinary,Yes,70001
Apprenticed under R. Penrose,Maze,Wood and Silver,Obsessively Detailed,No,68605
Apprenticed under M. Escher,Uncategorizable Thing,Silver and Glass,Hastily Sketched,Yes,75172
Apprenticed under T. Geisel,Maze,Steel and Dreams,Deceptively Ordinary,No,593775
Apprenticed under M. Bosch,Mechanism,Steel and Nightmares,Deceptively Ordinary,No,5614
Apprenticed under M. Escher,Library,Silver and Steel,Hastily Sketched,Yes,103870
Apprenticed under P. Stamatin,Maze,Wood and Nightmares,Obsessively Detailed,Yes,719
Apprenticed under R. Penrose,Mechanism,Silver and Steel,Deceptively Ordinary,No,91935
Self-Taught,Uncategorizable Thing,Wood and Dreams,Obsessively Detailed,No,595772
Apprenticed under R. Penrose,Uncategorizable Thing,Glass and Steel,Obsessively Detailed,No,43482
Apprenticed under T. Geisel,Library,Steel and Wood,Deceptively Ordinary,No,5064
Apprenticed under M. Escher,Library,Silver and Glass,Deceptively Ordinary,Yes,111433
Apprenticed under R. Penrose,Uncategorizable Thing,Glass and Wood,Deceptively Ordinary,No,32761
Self-Taught,Library,Steel and Nightmares,Hastily Sketched,No,3997
Apprenticed under P. Stamatin,Gateway,Wood and Dreams,Obsessively Detailed,Yes,839946
Apprenticed under M. Escher,Uncategorizable Thing,Silver and Nightmares,Deceptively Ordinary,Yes,58749
Apprenticed under R. Penrose,Mechanism,Silver and Glass,Deceptively Ordinary,No,125709
Self-Taught,Uncategorizable Thing,Glass and Nightmares,Obsessively Detailed,No,21456
Apprenticed under T. Geisel,Maze,Silver and Dreams,Deceptively Ordinary,No,728525
Apprenticed under T. Geisel,Uncategorizable Thing,Steel and Silver,Deceptively Ordinary,No,102328
Self-Taught,Uncategorizable Thing,Steel and Nightmares,Deceptively Ordinary,No,8563
Apprenticed under P. Stamatin,Mechanism,Wood and Dreams,Hastily Sketched,Yes,339287
Apprenticed under T. Geisel,Uncategorizable Thing,Silver and Wood,Obsessively Detailed,No,88612
Self-Taught,Tower,Wood and Glass,Deceptively Ordinary,No,29731
Self-Taught,Mechanism,Silver and Steel,Obsessively Detailed,No,107868
Apprenticed under M. Escher,Uncategorizable Thing,Steel and Nightmares,Deceptively Ordinary,Yes,6158
Apprenticed under R. Penrose,Maze,Glass and Dreams,Deceptively Ordinary,No,487419
Apprenticed under P. Stamatin,Library,Silver and Nightmares,Hastily Sketched,Yes,80277
Apprenticed under T. Geisel,Mechanism,Silver and Nightmares,Deceptively Ordinary,No,54718
Apprenticed under R. Penrose,Uncategorizable Thing,Wood and Nightmares,Hastily Sketched,No,774
Self-Taught,Gateway,Glass and Nightmares,Hastily Sketched,No,31112
Apprenticed under M. Bosch,Gateway,Steel and Wood,Hastily Sketched,No,6966
Apprenticed under T. Geisel,Maze,Glass and Dreams,Hastily Sketched,No,921521
Apprenticed under M. Bosch,Library,Glass and Dreams,Deceptively Ordinary,No,572208
Apprenticed under T. Geisel,Uncategorizable Thing,Wood and Glass,Deceptively Ordinary,No,36497
Apprenticed under M. Escher,Uncategorizable Thing,Wood and Glass,Hastily Sketched,Yes,24418
Apprenticed under P. Stamatin,Gateway,Glass and Wood,Obsessively Detailed,Yes,27904
Apprenticed under M. Bosch,Uncategorizable Thing,Wood and Steel,Hastily Sketched,No,10698
Apprenticed under T. Geisel,Uncategorizable Thing,Steel and Wood,Deceptively Ordinary,No,3801
Apprenticed under R. Penrose,Library,Silver and Glass,Hastily Sketched,No,118054
Apprenticed under M. Escher,Gateway,Glass and Wood,Deceptively Ordinary,Yes,30782
Apprenticed under M. Escher,Mechanism,Wood and Nightmares,Deceptively Ordinary,Yes,660
Self-Taught,Library,Silver and Dreams,Deceptively Ordinary,Yes,840127
Self-Taught,Maze,Steel and Glass,Deceptively Ordinary,No,46839
Apprenticed under M. Escher,Tower,Steel and Glass,Deceptively Ordinary,Yes,25138
Apprenticed under M. Bosch,Mechanism,Steel and Wood,Deceptively Ordinary,No,8631
Apprenticed under M. Escher,Gateway,Steel and Wood,Deceptively Ordinary,Yes,6376
Apprenticed under M. Escher,Uncategorizable Thing,Glass and Nightmares,Obsessively Detailed,Yes,22570
Apprenticed under R. Penrose,Uncategorizable Thing,Wood and Nightmares,Obsessively Detailed,No,823
Apprenticed under M. Escher,Uncategorizable Thing,Wood and Dreams,Obsessively Detailed,Yes,393206
Self-Taught,Gateway,Steel and Silver,Deceptively Ordinary,Yes,72865
Apprenticed under M. Escher,Maze,Glass and Dreams,Deceptively Ordinary,Yes,427399
Apprenticed under M. Bosch,Uncategorizable Thing,Glass and Nightmares,Obsessively Detailed,No,36125
Self-Taught,Uncategorizable Thing,Wood and Dreams,Deceptively Ordinary,Yes,569808
Self-Taught,Mechanism,Silver and Steel,Deceptively Ordinary,No,77697
Self-Taught,Tower,Glass and Dreams,Deceptively Ordinary,No,265946
Apprenticed under P. Stamatin,Mechanism,Wood and Silver,Deceptively Ordinary,Yes,100156
Self-Taught,Tower,Steel and Nightmares,Deceptively Ordinary,Yes,4428
Self-Taught,Maze,Silver and Nightmares,Deceptively Ordinary,No,62224
Apprenticed under R. Penrose,Library,Wood and Steel,Deceptively Ordinary,No,10492
Apprenticed under M. Escher,Uncategorizable Thing,Steel and Glass,Obsessively Detailed,Yes,31323
Apprenticed under R. Penrose,Gateway,Steel and Glass,Obsessively Detailed,No,40792
Apprenticed under M. Escher,Uncategorizable Thing,Silver and Nightmares,Obsessively Detailed,Yes,94050
Apprenticed under P. Stamatin,Mechanism,Steel and Nightmares,Obsessively Detailed,Yes,2426
Apprenticed under P. Stamatin,Maze,Steel and Dreams,Deceptively Ordinary,Yes,904711
Apprenticed under M. Escher,Uncategorizable Thing,Glass and Dreams,Hastily Sketched,Yes,671406
Self-Taught,Library,Steel and Wood,Obsessively Detailed,No,5645
Self-Taught,Uncategorizable Thing,Steel and Silver,Deceptively Ordinary,Yes,86818
Apprenticed under P. Stamatin,Uncategorizable Thing,Glass and Nightmares,Obsessively Detailed,Yes,38914
Apprenticed under R. Penrose,Uncategorizable Thing,Steel and Silver,Obsessively Detailed,No,59889
Apprenticed under T. Geisel,Uncategorizable Thing,Wood and Nightmares,Hastily Sketched,No,937
Apprenticed under R. Penrose,Uncategorizable Thing,Glass and Silver,Obsessively Detailed,No,91592
Apprenticed under M. Bosch,Maze,Wood and Glass,Deceptively Ordinary,No,28267
Self-Taught,Tower,Wood and Silver,Deceptively Ordinary,Yes,61654
Self-Taught,Maze,Steel and Nightmares,Obsessively Detailed,Yes,5183
Apprenticed under M. Escher,Uncategorizable Thing,Silver and Wood,Deceptively Ordinary,Yes,56004
Self-Taught,Uncategorizable Thing,Wood and Glass,Hastily Sketched,No,28833
Self-Taught,Uncategorizable Thing,Silver and Glass,Hastily Sketched,No,99366
Apprenticed under T. Geisel,Tower,Glass and Nightmares,Hastily Sketched,No,25038
Apprenticed under R. Penrose,Uncategorizable Thing,Glass and Steel,Deceptively Ordinary,No,34221
Apprenticed under R. Penrose,Uncategorizable Thing,Silver and Glass,Obsessively Detailed,No,88000
Apprenticed under P. Stamatin,Maze,Steel and Glass,Hastily Sketched,Yes,26872
Apprenticed under M. Bosch,Uncategorizable Thing,Wood and Steel,Deceptively Ordinary,No,3912
Apprenticed under M. Bosch,Uncategorizable Thing,Wood and Dreams,Hastily Sketched,No,885763
Self-Taught,Library,Steel and Glass,Deceptively Ordinary,Yes,31764
Apprenticed under R. Penrose,Tower,Silver and Steel,Deceptively Ordinary,No,90751
Apprenticed under M. Bosch,Mechanism,Steel and Silver,Deceptively Ordinary,No,71812
Self-Taught,Mechanism,Wood and Nightmares,Deceptively Ordinary,Yes,728
Self-Taught,Mechanism,Wood and Glass,Hastily Sketched,No,29877
Self-Taught,Maze,Wood and Silver,Obsessively Detailed,No,57819
Apprenticed under M. Bosch,Library,Steel and Dreams,Obsessively Detailed,No,999572
Apprenticed under M. Bosch,Gateway,Silver and Nightmares,Hastily Sketched,No,64614
Apprenticed under R. Penrose,Uncategorizable Thing,Wood and Dreams,Deceptively Ordinary,No,703184
Apprenticed under M. Bosch,Uncategorizable Thing,Glass and Dreams,Hastily Sketched,No,564381
Apprenticed under R. Penrose,Uncategorizable Thing,Steel and Glass,Obsessively Detailed,No,27136
Apprenticed under P. Stamatin,Maze,Wood and Nightmares,Hastily Sketched,Yes,933
Apprenticed under T. Geisel,Tower,Wood and Glass,Deceptively Ordinary,No,21852
Apprenticed under T. Geisel,Uncategorizable Thing,Glass and Silver,Deceptively Ordinary,No,107918
Apprenticed under R. Penrose,Mechanism,Silver and Dreams,Deceptively Ordinary,No,529684
Apprenticed under M. Bosch,Mechanism,Silver and Dreams,Hastily Sketched,No,897459
Apprenticed under P. Stamatin,Uncategorizable Thing,Glass and Dreams,Deceptively Ordinary,Yes,632381
Apprenticed under R. Penrose,Maze,Steel and Silver,Obsessively Detailed,No,68525
Apprenticed under M. Escher,Uncategorizable Thing,Glass and Wood,Deceptively Ordinary,Yes,36184
Self-Taught,Tower,Glass and Silver,Deceptively Ordinary,Yes,98942
Apprenticed under M. Escher,Uncategorizable Thing,Wood and Glass,Deceptively Ordinary,Yes,21400
Apprenticed under R. Penrose,Tower,Wood and Steel,Hastily Sketched,No,7349
Apprenticed under T. Geisel,Gateway,Steel and Dreams,Obsessively Detailed,No,878829
Apprenticed under T. Geisel,Maze,Silver and Steel,Obsessively Detailed,No,103117
Self-Taught,Mechanism,Steel and Wood,Deceptively Ordinary,Yes,7874
Apprenticed under M. Bosch,Gateway,Steel and Silver,Deceptively Ordinary,No,63359
Self-Taught,Maze,Glass and Silver,Obsessively Detailed,No,106593
Self-Taught,Tower,Wood and Glass,Hastily Sketched,No,28278
Apprenticed under P. Stamatin,Tower,Wood and Dreams,Deceptively Ordinary,Yes,727567
Apprenticed under T. Geisel,Maze,Steel and Silver,Hastily Sketched,No,88619
Apprenticed under T. Geisel,Uncategorizable Thing,Glass and Dreams,Deceptively Ordinary,No,999860
Apprenticed under R. Penrose,Maze,Silver and Wood,Hastily Sketched,No,65419
Apprenticed under R. Penrose,Maze,Wood and Dreams,Hastily Sketched,No,731435
Self-Taught,Tower,Glass and Steel,Deceptively Ordinary,No,29791
Self-Taught,Tower,Silver and Nightmares,Hastily Sketched,Yes,77356
Apprenticed under M. Escher,Tower,Wood and Glass,Obsessively Detailed,Yes,36090
Self-Taught,Library,Silver and Steel,Deceptively Ordinary,No,70589
Self-Taught,Uncategorizable Thing,Wood and Dreams,Obsessively Detailed,No,450130
Apprenticed under P. Stamatin,Library,Glass and Nightmares,Hastily Sketched,Yes,38824
Apprenticed under T. Geisel,Uncategorizable Thing,Silver and Nightmares,Hastily Sketched,No,91078
Apprenticed under M. Escher,Mechanism,Silver and Wood,Deceptively Ordinary,Yes,85125
Self-Taught,Gateway,Glass and Wood,Deceptively Ordinary,No,27439
Apprenticed under R. Penrose,Maze,Wood and Silver,Deceptively Ordinary,No,100167
Apprenticed under R. Penrose,Library,Silver and Wood,Obsessively Detailed,No,53180
Apprenticed under T. Geisel,Uncategorizable Thing,Glass and Steel,Deceptively Ordinary,No,34404
Apprenticed under T. Geisel,Uncategorizable Thing,Wood and Steel,Obsessively Detailed,No,10142
Apprenticed under M. Bosch,Maze,Glass and Steel,Deceptively Ordinary,No,30659
Apprenticed under T. Geisel,Uncategorizable Thing,Glass and Silver,Hastily Sketched,No,73487
Self-Taught,Uncategorizable Thing,Wood and Dreams,Hastily Sketched,No,849166
Self-Taught,Uncategorizable Thing,Steel and Nightmares,Obsessively Detailed,Yes,3220
Self-Taught,Mechanism,Silver and Dreams,Hastily Sketched,Yes,297677
Apprenticed under R. Penrose,Maze,Steel and Wood,Obsessively Detailed,No,7205
Apprenticed under P. Stamatin,Mechanism,Steel and Nightmares,Obsessively Detailed,Yes,3855
Apprenticed under T. Geisel,Library,Steel and Wood,Hastily Sketched,No,8150
Apprenticed under M. Bosch,Gateway,Wood and Silver,Deceptively Ordinary,No,100230
Self-Taught,Gateway,Glass and Silver,Hastily Sketched,Yes,123244
Apprenticed under R. Penrose,Library,Wood and Steel,Deceptively Ordinary,No,5301
Self-Taught,Uncategorizable Thing,Glass and Nightmares,Deceptively Ordinary,No,26137
Apprenticed under M. Escher,Gateway,Glass and Steel,Deceptively Ordinary,Yes,40129
Apprenticed under T. Geisel,Gateway,Wood and Silver,Obsessively Detailed,No,70423
Apprenticed under T. Geisel,Gateway,Silver and Nightmares,Hastily Sketched,No,74339
Apprenticed under T. Geisel,Gateway,Glass and Dreams,Deceptively Ordinary,No,263789
Apprenticed under T. Geisel,Mechanism,Wood and Glass,Deceptively Ordinary,No,20963
Apprenticed under M. Bosch,Gateway,Steel and Wood,Deceptively Ordinary,No,6189
Apprenticed under M. Escher,Maze,Wood and Glass,Obsessively Detailed,Yes,25830
Apprenticed under M. Bosch,Library,Steel and Wood,Deceptively Ordinary,No,5670
Apprenticed under P. Stamatin,Uncategorizable Thing,Glass and Dreams,Hastily Sketched,Yes,234008
Apprenticed under P. Stamatin,Uncategorizable Thing,Glass and Silver,Hastily Sketched,Yes,76599
Apprenticed under M. Bosch,Mechanism,Steel and Glass,Hastily Sketched,No,28176
Apprenticed under P. Stamatin,Uncategorizable Thing,Steel and Silver,Deceptively Ordinary,Yes,91996
Apprenticed under M. Bosch,Uncategorizable Thing,Wood and Steel,Obsessively Detailed,No,4835
Apprenticed under R. Penrose,Gateway,Silver and Dreams,Hastily Sketched,No,646824
Apprenticed under M. Escher,Maze,Silver and Dreams,Deceptively Ordinary,Yes,957812
Self-Taught,Gateway,Wood and Glass,Deceptively Ordinary,No,31843
Apprenticed under R. Penrose,Uncategorizable Thing,Steel and Glass,Hastily Sketched,No,41521
Apprenticed under T. Geisel,Uncategorizable Thing,Wood and Dreams,Deceptively Ordinary,No,362593
Apprenticed under M. Escher,Uncategorizable Thing,Silver and Steel,Hastily Sketched,Yes,71490
Apprenticed under M. Escher,Library,Glass and Dreams,Obsessively Detailed,Yes,553113
Self-Taught,Tower,Silver and Steel,Obsessively Detailed,No,84216
Apprenticed under M. Bosch,Uncategorizable Thing,Silver and Dreams,Hastily Sketched,No,606080
Apprenticed under M. Bosch,Mechanism,Steel and Wood,Deceptively Ordinary,No,10855
Apprenticed under T. Geisel,Tower,Steel and Wood,Deceptively Ordinary,No,10556
Self-Taught,Maze,Steel and Wood,Deceptively Ordinary,No,6309
Apprenticed under M. Bosch,Uncategorizable Thing,Glass and Silver,Obsessively Detailed,No,105960
Apprenticed under T. Geisel,Maze,Silver and Dreams,Deceptively Ordinary,No,863698
Apprenticed under T. Geisel,Mechanism,Glass and Nightmares,Deceptively Ordinary,No,23159
Apprenticed under P. Stamatin,Uncategorizable Thing,Silver and Glass,Obsessively Detailed,Yes,89343
Apprenticed under R. Penrose,Uncategorizable Thing,Silver and Dreams,Deceptively Ordinary,No,589302
Self-Taught,Library,Silver and Wood,Hastily Sketched,Yes,55083
Apprenticed under T. Geisel,Tower,Wood and Steel,Obsessively Detailed,No,3662
Apprenticed under R. Penrose,Gateway,Silver and Dreams,Obsessively Detailed,No,787304
Apprenticed under M. Escher,Mechanism,Wood and Nightmares,Hastily Sketched,Yes,820
Self-Taught,Uncategorizable Thing,Glass and Dreams,Hastily Sketched,Yes,457206
Apprenticed under T. Geisel,Mechanism,Silver and Wood,Deceptively Ordinary,No,86681
Self-Taught,Tower,Glass and Dreams,Deceptively Ordinary,No,641743
Self-Taught,Uncategorizable Thing,Glass and Nightmares,Hastily Sketched,Yes,39217
Apprenticed under P. Stamatin,Maze,Glass and Wood,Deceptively Ordinary,Yes,27731
Apprenticed under P. Stamatin,Uncategorizable Thing,Glass and Nightmares,Obsessively Detailed,Yes,34979
Self-Taught,Uncategorizable Thing,Steel and Silver,Hastily Sketched,Yes,99482
Apprenticed under T. Geisel,Maze,Silver and Dreams,Deceptively Ordinary,No,421050
Apprenticed under M. Bosch,Library,Silver and Glass,Deceptively Ordinary,No,79787
Apprenticed under M. Escher,Uncategorizable Thing,Glass and Steel,Obsessively Detailed,Yes,30272
Apprenticed under T. Geisel,Uncategorizable Thing,Silver and Wood,Hastily Sketched,No,72340
Apprenticed under M. Bosch,Library,Steel and Dreams,Hastily Sketched,No,453856
Self-Taught,Tower,Wood and Nightmares,Deceptively Ordinary,No,518
Self-Taught,Library,Glass and Wood,Obsessively Detailed,Yes,40372
Apprenticed under M. Bosch,Mechanism,Steel and Wood,Deceptively Ordinary,No,8705
Self-Taught,Gateway,Glass and Nightmares,Hastily Sketched,Yes,39505
Apprenticed under M. Bosch,Library,Wood and Steel,Obsessively Detailed,No,4522
Apprenticed under M. Escher,Uncategorizable Thing,Silver and Steel,Deceptively Ordinary,Yes,98093
Apprenticed under T. Geisel,Mechanism,Wood and Steel,Hastily Sketched,No,9163
Apprenticed under P. Stamatin,Uncategorizable Thing,Wood and Glass,Obsessively Detailed,Yes,31310
Apprenticed under M. Escher,Gateway,Glass and Wood,Deceptively Ordinary,Yes,35085
Self-Taught,Gateway,Steel and Wood,Deceptively Ordinary,Yes,9623
Self-Taught,Tower,Wood and Glass,Hastily Sketched,No,35646
Apprenticed under M. Bosch,Mechanism,Steel and Glass,Obsessively Detailed,No,29233
Apprenticed under P. Stamatin,Gateway,Glass and Dreams,Deceptively Ordinary,Yes,458476
Apprenticed under R. Penrose,Maze,Wood and Dreams,Hastily Sketched,No,808623
Self-Taught,Uncategorizable Thing,Silver and Dreams,Obsessively Detailed,Yes,515324
Apprenticed under P. Stamatin,Maze,Silver and Dreams,Obsessively Detailed,Yes,956849
Apprenticed under P. Stamatin,Maze,Steel and Wood,Deceptively Ordinary,Yes,10157
Apprenticed under M. Escher,Uncategorizable Thing,Steel and Dreams,Hastily Sketched,Yes,225894
Apprenticed under R. Penrose,Uncategorizable Thing,Glass and Wood,Hastily Sketched,No,29480
Apprenticed under M. Bosch,Mechanism,Steel and Dreams,Hastily Sketched,No,683030
Apprenticed under M. Bosch,Library,Silver and Nightmares,Hastily Sketched,No,56986
Apprenticed under P. Stamatin,Library,Silver and Steel,Deceptively Ordinary,Yes,94547
Apprenticed under R. Penrose,Maze,Glass and Wood,Deceptively Ordinary,No,30732
Apprenticed under M. Escher,Gateway,Silver and Dreams,Deceptively Ordinary,Yes,864416
Apprenticed under T. Geisel,Uncategorizable Thing,Steel and Nightmares,Deceptively Ordinary,No,4671
Apprenticed under T. Geisel,Uncategorizable Thing,Glass and Wood,Deceptively Ordinary,No,38352
Self-Taught,Tower,Silver and Wood,Obsessively Detailed,No,92631
Apprenticed under M. Escher,Library,Silver and Wood,Hastily Sketched,Yes,99624
Apprenticed under M. Bosch,Uncategorizable Thing,Wood and Dreams,Obsessively Detailed,No,511291
Apprenticed under T. Geisel,Maze,Silver and Dreams,Hastily Sketched,No,996223
Apprenticed under P. Stamatin,Maze,Silver and Steel,Obsessively Detailed,Yes,84031
Self-Taught,Uncategorizable Thing,Wood and Steel,Obsessively Detailed,No,6681
Apprenticed under R. Penrose,Uncategorizable Thing,Steel and Silver,Deceptively Ordinary,No,71232
Apprenticed under P. Stamatin,Uncategorizable Thing,Silver and Dreams,Obsessively Detailed,Yes,713066
Apprenticed under R. Penrose,Uncategorizable Thing,Silver and Steel,Obsessively Detailed,No,82611
Apprenticed under T. Geisel,Maze,Silver and Wood,Deceptively Ordinary,No,83788
Apprenticed under P. Stamatin,Mechanism,Wood and Nightmares,Deceptively Ordinary,Yes,619
Apprenticed under M. Bosch,Maze,Silver and Steel,Hastily Sketched,No,64508
Apprenticed under R. Penrose,Library,Wood and Dreams,Obsessively Detailed,No,282819
Self-Taught,Gateway,Silver and Glass,Deceptively Ordinary,No,82889
Self-Taught,Library,Steel and Wood,Hastily Sketched,No,7212
Self-Taught,Uncategorizable Thing,Glass and Nightmares,Deceptively Ordinary,Yes,27257
Apprenticed under R. Penrose,Tower,Wood and Silver,Hastily Sketched,No,97226
Apprenticed under P. Stamatin,Library,Silver and Wood,Deceptively Ordinary,Yes,64196
Apprenticed under T. Geisel,Gateway,Glass and Nightmares,Deceptively Ordinary,No,22524
Apprenticed under P. Stamatin,Tower,Steel and Dreams,Obsessively Detailed,Yes,689815
Apprenticed under M. Bosch,Mechanism,Wood and Nightmares,Deceptively Ordinary,No,649
Apprenticed under M. Escher,Uncategorizable Thing,Steel and Wood,Deceptively Ordinary,Yes,5403
Self-Taught,Maze,Silver and Dreams,Deceptively Ordinary,Yes,801721
Apprenticed under P. Stamatin,Maze,Glass and Steel,Deceptively Ordinary,Yes,26205
Apprenticed under M. Bosch,Gateway,Silver and Steel,Deceptively Ordinary,No,103657
Apprenticed under M. Bosch,Maze,Silver and Nightmares,Obsessively Detailed,No,91448
Apprenticed under R. Penrose,Library,Silver and Nightmares,Deceptively Ordinary,No,87862
Apprenticed under P. Stamatin,Library,Steel and Silver,Deceptively Ordinary,Yes,59402
Apprenticed under P. Stamatin,Gateway,Glass and Wood,Hastily Sketched,Yes,38458
Self-Taught,Mechanism,Wood and Steel,Obsessively Detailed,No,4900
Self-Taught,Mechanism,Glass and Silver,Obsessively Detailed,No,113654
Apprenticed under R. Penrose,Mechanism,Wood and Nightmares,Hastily Sketched,No,750
Apprenticed under M. Bosch,Tower,Wood and Nightmares,Obsessively Detailed,No,904
Apprenticed under M. Escher,Library,Steel and Wood,Obsessively Detailed,Yes,3336
Apprenticed under T. Geisel,Maze,Glass and Silver,Obsessively Detailed,No,106469
Apprenticed under R. Penrose,Uncategorizable Thing,Wood and Dreams,Deceptively Ordinary,No,620131
Self-Taught,Gateway,Silver and Glass,Deceptively Ordinary,No,133137
Apprenticed under M. Bosch,Tower,Glass and Silver,Deceptively Ordinary,No,133177
Apprenticed under R. Penrose,Mechanism,Wood and Silver,Deceptively Ordinary,No,52446
Apprenticed under M. Bosch,Uncategorizable Thing,Glass and Dreams,Obsessively Detailed,No,844631
Apprenticed under R. Penrose,Uncategorizable Thing,Steel and Silver,Deceptively Ordinary,No,71229
Apprenticed under T. Geisel,Mechanism,Wood and Dreams,Hastily Sketched,No,859951
Apprenticed under M. Escher,Maze,Steel and Dreams,Deceptively Ordinary,Yes,568841
Apprenticed under T. Geisel,Gateway,Steel and Nightmares,Obsessively Detailed,No,2378
Self-Taught,Uncategorizable Thing,Wood and Nightmares,Deceptively Ordinary,No,513
Self-Taught,Library,Silver and Nightmares,Obsessively Detailed,No,73394
Apprenticed under M. Bosch,Gateway,Glass and Dreams,Obsessively Detailed,No,366103
Self-Taught,Library,Glass and Steel,Deceptively Ordinary,No,39616
Self-Taught,Tower,Wood and Glass,Deceptively Ordinary,No,21491
Self-Taught,Maze,Silver and Steel,Deceptively Ordinary,No,84591
Self-Taught,Library,Steel and Nightmares,Hastily Sketched,Yes,2134
Apprenticed under T. Geisel,Maze,Silver and Wood,Obsessively Detailed,No,54076
Self-Taught,Library,Silver and Dreams,Hastily Sketched,Yes,576444
Self-Taught,Library,Wood and Glass,Deceptively Ordinary,No,32661
Apprenticed under R. Penrose,Mechanism,Glass and Wood,Deceptively Ordinary,No,24023
Self-Taught,Tower,Wood and Silver,Obsessively Detailed,Yes,96211
Apprenticed under M. Bosch,Gateway,Silver and Dreams,Obsessively Detailed,No,411765
Apprenticed under T. Geisel,Uncategorizable Thing,Glass and Dreams,Hastily Sketched,No,735132
Apprenticed under T. Geisel,Mechanism,Silver and Nightmares,Obsessively Detailed,No,88068
Self-Taught,Uncategorizable Thing,Steel and Wood,Obsessively Detailed,No,8161
Apprenticed under M. Bosch,Uncategorizable Thing,Wood and Dreams,Obsessively Detailed,No,313857
Self-Taught,Uncategorizable Thing,Wood and Glass,Deceptively Ordinary,No,33675
Apprenticed under R. Penrose,Gateway,Glass and Nightmares,Hastily Sketched,No,36948
Apprenticed under M. Escher,Mechanism,Silver and Wood,Deceptively Ordinary,Yes,78922
Apprenticed under T. Geisel,Uncategorizable Thing,Steel and Dreams,Deceptively Ordinary,No,580682
Apprenticed under T. Geisel,Tower,Silver and Steel,Deceptively Ordinary,No,74624
Apprenticed under M. Escher,Mechanism,Glass and Silver,Deceptively Ordinary,Yes,103661
Apprenticed under P. Stamatin,Tower,Steel and Silver,Obsessively Detailed,Yes,67170
Apprenticed under M. Bosch,Maze,Silver and Nightmares,Deceptively Ordinary,No,55887
Self-Taught,Mechanism,Glass and Nightmares,Hastily Sketched,No,24154
Apprenticed under M. Bosch,Maze,Glass and Dreams,Hastily Sketched,No,938504
Apprenticed under T. Geisel,Mechanism,Steel and Dreams,Obsessively Detailed,No,854493
Apprenticed under T. Geisel,Maze,Glass and Dreams,Deceptively Ordinary,No,266201
Apprenticed under R. Penrose,Gateway,Steel and Wood,Hastily Sketched,No,4256
Apprenticed under P. Stamatin,Gateway,Silver and Glass,Obsessively Detailed,Yes,117945
Self-Taught,Mechanism,Wood and Dreams,Deceptively Ordinary,No,815332
Self-Taught,Maze,Steel and Silver,Hastily Sketched,Yes,91814
Apprenticed under R. Penrose,Uncategorizable Thing,Silver and Dreams,Hastily Sketched,No,301844
Self-Taught,Gateway,Wood and Glass,Hastily Sketched,Yes,39765
Apprenticed under T. Geisel,Gateway,Wood and Dreams,Hastily Sketched,No,681986
Apprenticed under M. Escher,Maze,Silver and Wood,Obsessively Detailed,Yes,67322
Apprenticed under M. Bosch,Uncategorizable Thing,Silver and Wood,Deceptively Ordinary,No,86921
Apprenticed under P. Stamatin,Maze,Wood and Nightmares,Deceptively Ordinary,Yes,922
Apprenticed under M. Escher,Uncategorizable Thing,Steel and Nightmares,Deceptively Ordinary,Yes,7349
Apprenticed under M. Escher,Gateway,Steel and Dreams,Obsessively Detailed,Yes,764409
Apprenticed under R. Penrose,Mechanism,Wood and Dreams,Deceptively Ordinary,No,992407
Self-Taught,Uncategorizable Thing,Silver and Nightmares,Obsessively Detailed,Yes,79042
Apprenticed under T. Geisel,Maze,Steel and Glass,Hastily Sketched,No,30522
Self-Taught,Mechanism,Silver and Steel,Deceptively Ordinary,Yes,83781
Apprenticed under T. Geisel,Gateway,Steel and Glass,Obsessively Detailed,No,30387
Self-Taught,Uncategorizable Thing,Wood and Steel,Deceptively Ordinary,No,3166
Apprenticed under R. Penrose,Library,Steel and Silver,Deceptively Ordinary,No,62522
Apprenticed under P. Stamatin,Uncategorizable Thing,Steel and Wood,Obsessively Detailed,Yes,3197
Apprenticed under T. Geisel,Gateway,Silver and Dreams,Deceptively Ordinary,No,885136
Apprenticed under R. Penrose,Uncategorizable Thing,Wood and Nightmares,Deceptively Ordinary,No,611
Apprenticed under P. Stamatin,Gateway,Glass and Steel,Hastily Sketched,Yes,43890
Apprenticed under M. Escher,Maze,Steel and Dreams,Deceptively Ordinary,Yes,837467
Apprenticed under T. Geisel,Gateway,Glass and Nightmares,Deceptively Ordinary,No,25130
Apprenticed under T. Geisel,Tower,Silver and Wood,Deceptively Ordinary,No,53455
Apprenticed under T. Geisel,Mechanism,Steel and Wood,Deceptively Ordinary,No,10462
Apprenticed under R. Penrose,Uncategorizable Thing,Steel and Wood,Hastily Sketched,No,8678
Self-Taught,Tower,Wood and Steel,Obsessively Detailed,No,9695
Apprenticed under T. Geisel,Maze,Glass and Steel,Deceptively Ordinary,No,38205
Apprenticed under P. Stamatin,Gateway,Glass and Silver,Deceptively Ordinary,Yes,89919
Self-Taught,Mechanism,Silver and Steel,Hastily Sketched,No,102063
Self-Taught,Maze,Steel and Silver,Deceptively Ordinary,No,80425
Apprenticed under T. Geisel,Gateway,Glass and Steel,Hastily Sketched,No,32731
Apprenticed under R. Penrose,Mechanism,Wood and Nightmares,Hastily Sketched,No,591
Self-Taught,Tower,Wood and Steel,Hastily Sketched,Yes,7463
Self-Taught,Mechanism,Steel and Nightmares,Deceptively Ordinary,No,2034
Apprenticed under R. Penrose,Maze,Wood and Steel,Deceptively Ordinary,No,8762
Apprenticed under P. Stamatin,Uncategorizable Thing,Silver and Steel,Deceptively Ordinary,Yes,85309
Apprenticed under M. Bosch,Uncategorizable Thing,Wood and Steel,Deceptively Ordinary,No,5196
Apprenticed under T. Geisel,Mechanism,Silver and Steel,Deceptively Ordinary,No,73876
Apprenticed under M. Escher,Mechanism,Steel and Glass,Hastily Sketched,Yes,42834
Apprenticed under P. Stamatin,Maze,Wood and Dreams,Obsessively Detailed,Yes,203315
Apprenticed under M. Escher,Maze,Wood and Steel,Obsessively Detailed,Yes,7021
Apprenticed under M. Bosch,Mechanism,Silver and Steel,Obsessively Detailed,No,82363
Self-Taught,Tower,Glass and Steel,Deceptively Ordinary,Yes,37460
Apprenticed under M. Escher,Maze,Silver and Steel,Deceptively Ordinary,Yes,82807
Apprenticed under M. Escher,Uncategorizable Thing,Steel and Silver,Deceptively Ordinary,Yes,80586
Self-Taught,Uncategorizable Thing,Steel and Dreams,Hastily Sketched,Yes,640150
Self-Taught,Maze,Silver and Nightmares,Deceptively Ordinary,No,96592
Apprenticed under M. Escher,Uncategorizable Thing,Glass and Steel,Deceptively Ordinary,Yes,34546
Apprenticed under P. Stamatin,Library,Steel and Dreams,Obsessively Detailed,Yes,337736
Apprenticed under P. Stamatin,Tower,Silver and Glass,Deceptively Ordinary,Yes,91396
Apprenticed under T. Geisel,Maze,Wood and Silver,Deceptively Ordinary,No,54784
Apprenticed under T. Geisel,Maze,Wood and Silver,Deceptively Ordinary,No,89669
Apprenticed under P. Stamatin,Library,Wood and Silver,Hastily Sketched,Yes,56158
Apprenticed under M. Escher,Mechanism,Wood and Nightmares,Hastily Sketched,Yes,575
Apprenticed under R. Penrose,Uncategorizable Thing,Wood and Nightmares,Hastily Sketched,No,831
Apprenticed under M. Bosch,Uncategorizable Thing,Wood and Steel,Obsessively Detailed,No,3313
Apprenticed under R. Penrose,Library,Wood and Glass,Obsessively Detailed,No,35421
Apprenticed under R. Penrose,Maze,Steel and Nightmares,Obsessively Detailed,No,2151
Apprenticed under M. Escher,Uncategorizable Thing,Wood and Nightmares,Hastily Sketched,Yes,644
Apprenticed under P. Stamatin,Maze,Glass and Silver,Hastily Sketched,Yes,81426
Apprenticed under T. Geisel,Maze,Glass and Nightmares,Deceptively Ordinary,No,22937
Apprenticed under M. Escher,Uncategorizable Thing,Silver and Wood,Deceptively Ordinary,Yes,78918
Apprenticed under T. Geisel,Maze,Wood and Dreams,Hastily Sketched,No,277079
Apprenticed under M. Bosch,Mechanism,Glass and Nightmares,Hastily Sketched,No,28327
Apprenticed under P. Stamatin,Tower,Glass and Wood,Hastily Sketched,Yes,38937
Self-Taught,Tower,Steel and Nightmares,Obsessively Detailed,No,3231
Apprenticed under M. Escher,Maze,Glass and Dreams,Hastily Sketched,Yes,761118
Apprenticed under R. Penrose,Gateway,Wood and Glass,Deceptively Ordinary,No,28999
Apprenticed under P. Stamatin,Uncategorizable Thing,Wood and Glass,Deceptively Ordinary,Yes,29947
Apprenticed under R. Penrose,Uncategorizable Thing,Glass and Wood,Deceptively Ordinary,No,28704
Apprenticed under T. Geisel,Uncategorizable Thing,Wood and Silver,Hastily Sketched,No,65904
Apprenticed under T. Geisel,Maze,Silver and Glass,Obsessively Detailed,No,78278
Apprenticed under R. Penrose,Tower,Steel and Nightmares,Deceptively Ordinary,No,4245
Self-Taught,Tower,Steel and Glass,Hastily Sketched,No,45578
Apprenticed under R. Penrose,Uncategorizable Thing,Wood and Nightmares,Hastily Sketched,No,710
Apprenticed under T. Geisel,Gateway,Glass and Dreams,Deceptively Ordinary,No,722787
Apprenticed under P. Stamatin,Uncategorizable Thing,Wood and Steel,Obsessively Detailed,Yes,10340
Apprenticed under T. Geisel,Uncategorizable Thing,Silver and Dreams,Deceptively Ordinary,No,762684
Self-Taught,Uncategorizable Thing,Steel and Glass,Deceptively Ordinary,No,31962
Apprenticed under P. Stamatin,Maze,Steel and Wood,Obsessively Detailed,Yes,10009
Self-Taught,Mechanism,Steel and Silver,Deceptively Ordinary,Yes,98230
Apprenticed under T. Geisel,Library,Wood and Steel,Deceptively Ordinary,No,9142
Apprenticed under T. Geisel,Mechanism,Wood and Silver,Deceptively Ordinary,No,63185
Apprenticed under M. Bosch,Mechanism,Steel and Dreams,Deceptively Ordinary,No,856139
Self-Taught,Uncategorizable Thing,Wood and Nightmares,Obsessively Detailed,No,891
Self-Taught,Uncategorizable Thing,Steel and Wood,Hastily Sketched,Yes,8459
Apprenticed under M. Escher,Library,Silver and Steel,Obsessively Detailed,Yes,100040
Apprenticed under P. Stamatin,Library,Silver and Dreams,Obsessively Detailed,Yes,939968
Apprenticed under R. Penrose,Library,Wood and Dreams,Obsessively Detailed,No,744856
Apprenticed under P. Stamatin,Maze,Silver and Wood,Obsessively Detailed,Yes,84090
